app_du,row_count,train_valid_split_end,test_rows,context_window,horizons,estimated_predictions_per_horizon,request_cores_source,request_cores_value,planned_shard,estimated_fit_eval_ms,planned_forecast_output,planned_policy_output,planned_status_output
app_1063,11520,9792,1728,60,1|5|10,1659,median_container_request_cores,8.0,0,42805.59981999958,D:\Desktop\Cluster Computing\paper-workbench-full\Users\liujinchun\Downloads\skills_codex\paper-workbench\experiments\results\qlr_service_broad_plan\tables\app_1063_qlr_forecasting.csv,D:\Desktop\Cluster Computing\paper-workbench-full\Users\liujinchun\Downloads\skills_codex\paper-workbench\experiments\results\qlr_service_broad_plan\tables\app_1063_qlr_policy.csv,D:\Desktop\Cluster Computing\paper-workbench-full\Users\liujinchun\Downloads\skills_codex\paper-workbench\experiments\results\qlr_service_broad_plan\status\app_1063_status.json
app_1254,11520,9792,1728,60,1|5|10,1659,median_container_request_cores,8.0,0,42805.59981999958,D:\Desktop\Cluster Computing\paper-workbench-full\Users\liujinchun\Downloads\skills_codex\paper-workbench\experiments\results\qlr_service_broad_plan\tables\app_1254_qlr_forecasting.csv,D:\Desktop\Cluster Computing\paper-workbench-full\Users\liujinchun\Downloads\skills_codex\paper-workbench\experiments\results\qlr_service_broad_plan\tables\app_1254_qlr_policy.csv,D:\Desktop\Cluster Computing\paper-workbench-full\Users\liujinchun\Downloads\skills_codex\paper-workbench\experiments\results\qlr_service_broad_plan\status\app_1254_status.json
app_141,11520,9792,1728,60,1|5|10,1659,median_container_request_cores,8.0,0,42805.59981999958,D:\Desktop\Cluster Computing\paper-workbench-full\Users\liujinchun\Downloads\skills_codex\paper-workbench\experiments\results\qlr_service_broad_plan\tables\app_141_qlr_forecasting.csv,D:\Desktop\Cluster Computing\paper-workbench-full\Users\liujinchun\Downloads\skills_codex\paper-workbench\experiments\results\qlr_service_broad_plan\tables\app_141_qlr_policy.csv,D:\Desktop\Cluster Computing\paper-workbench-full\Users\liujinchun\Downloads\skills_codex\paper-workbench\experiments\results\qlr_service_broad_plan\status\app_141_status.json
app_1552,11520,9792,1728,60,1|5|10,1659,median_container_request_cores,4.0,0,42805.59981999958,D:\Desktop\Cluster Computing\paper-workbench-full\Users\liujinchun\Downloads\skills_codex\paper-workbench\experiments\results\qlr_service_broad_plan\tables\app_1552_qlr_forecasting.csv,D:\Desktop\Cluster Computing\paper-workbench-full\Users\liujinchun\Downloads\skills_codex\paper-workbench\experiments\results\qlr_service_broad_plan\tables\app_1552_qlr_policy.csv,D:\Desktop\Cluster Computing\paper-workbench-full\Users\liujinchun\Downloads\skills_codex\paper-workbench\experiments\results\qlr_service_broad_plan\status\app_1552_status.json
app_1675,11520,9792,1728,60,1|5|10,1659,median_container_request_cores,8.0,0,42805.59981999958,D:\Desktop\Cluster Computing\paper-workbench-full\Users\liujinchun\Downloads\skills_codex\paper-workbench\experiments\results\qlr_service_broad_plan\tables\app_1675_qlr_forecasting.csv,D:\Desktop\Cluster Computing\paper-workbench-full\Users\liujinchun\Downloads\skills_codex\paper-workbench\experiments\results\qlr_service_broad_plan\tables\app_1675_qlr_policy.csv,D:\Desktop\Cluster Computing\paper-workbench-full\Users\liujinchun\Downloads\skills_codex\paper-workbench\experiments\results\qlr_service_broad_plan\status\app_1675_status.json
app_1797,11520,9792,1728,60,1|5|10,1659,median_container_request_cores,8.0,0,42805.59981999958,D:\Desktop\Cluster Computing\paper-workbench-full\Users\liujinchun\Downloads\skills_codex\paper-workbench\experiments\results\qlr_service_broad_plan\tables\app_1797_qlr_forecasting.csv,D:\Desktop\Cluster Computing\paper-workbench-full\Users\liujinchun\Downloads\skills_codex\paper-workbench\experiments\results\qlr_service_broad_plan\tables\app_1797_qlr_policy.csv,D:\Desktop\Cluster Computing\paper-workbench-full\Users\liujinchun\Downloads\skills_codex\paper-workbench\experiments\results\qlr_service_broad_plan\status\app_1797_status.json
app_1826,11520,9792,1728,60,1|5|10,1659,median_container_request_cores,8.0,0,42805.59981999958,D:\Desktop\Cluster Computing\paper-workbench-full\Users\liujinchun\Downloads\skills_codex\paper-workbench\experiments\results\qlr_service_broad_plan\tables\app_1826_qlr_forecasting.csv,D:\Desktop\Cluster Computing\paper-workbench-full\Users\liujinchun\Downloads\skills_codex\paper-workbench\experiments\results\qlr_service_broad_plan\tables\app_1826_qlr_policy.csv,D:\Desktop\Cluster Computing\paper-workbench-full\Users\liujinchun\Downloads\skills_codex\paper-workbench\experiments\results\qlr_service_broad_plan\status\app_1826_status.json
app_2128,11520,9792,1728,60,1|5|10,1659,median_container_request_cores,4.0,0,42805.59981999958,D:\Desktop\Cluster Computing\paper-workbench-full\Users\liujinchun\Downloads\skills_codex\paper-workbench\experiments\results\qlr_service_broad_plan\tables\app_2128_qlr_forecasting.csv,D:\Desktop\Cluster Computing\paper-workbench-full\Users\liujinchun\Downloads\skills_codex\paper-workbench\experiments\results\qlr_service_broad_plan\tables\app_2128_qlr_policy.csv,D:\Desktop\Cluster Computing\paper-workbench-full\Users\liujinchun\Downloads\skills_codex\paper-workbench\experiments\results\qlr_service_broad_plan\status\app_2128_status.json
app_2264,11520,9792,1728,60,1|5|10,1659,median_container_request_cores,4.0,0,42805.59981999958,D:\Desktop\Cluster Computing\paper-workbench-full\Users\liujinchun\Downloads\skills_codex\paper-workbench\experiments\results\qlr_service_broad_plan\tables\app_2264_qlr_forecasting.csv,D:\Desktop\Cluster Computing\paper-workbench-full\Users\liujinchun\Downloads\skills_codex\paper-workbench\experiments\results\qlr_service_broad_plan\tables\app_2264_qlr_policy.csv,D:\Desktop\Cluster Computing\paper-workbench-full\Users\liujinchun\Downloads\skills_codex\paper-workbench\experiments\results\qlr_service_broad_plan\status\app_2264_status.json
app_2324,11520,9792,1728,60,1|5|10,1659,median_container_request_cores,8.0,0,42805.59981999958,D:\Desktop\Cluster Computing\paper-workbench-full\Users\liujinchun\Downloads\skills_codex\paper-workbench\experiments\results\qlr_service_broad_plan\tables\app_2324_qlr_forecasting.csv,D:\Desktop\Cluster Computing\paper-workbench-full\Users\liujinchun\Downloads\skills_codex\paper-workbench\experiments\results\qlr_service_broad_plan\tables\app_2324_qlr_policy.csv,D:\Desktop\Cluster Computing\paper-workbench-full\Users\liujinchun\Downloads\skills_codex\paper-workbench\experiments\results\qlr_service_broad_plan\status\app_2324_status.json
app_2557,11520,9792,1728,60,1|5|10,1659,median_container_request_cores,4.0,0,42805.59981999958,D:\Desktop\Cluster Computing\paper-workbench-full\Users\liujinchun\Downloads\skills_codex\paper-workbench\experiments\results\qlr_service_broad_plan\tables\app_2557_qlr_forecasting.csv,D:\Desktop\Cluster Computing\paper-workbench-full\Users\liujinchun\Downloads\skills_codex\paper-workbench\experiments\results\qlr_service_broad_plan\tables\app_2557_qlr_policy.csv,D:\Desktop\Cluster Computing\paper-workbench-full\Users\liujinchun\Downloads\skills_codex\paper-workbench\experiments\results\qlr_service_broad_plan\status\app_2557_status.json
app_2660,11520,9792,1728,60,1|5|10,1659,median_container_request_cores,8.0,0,42805.59981999958,D:\Desktop\Cluster Computing\paper-workbench-full\Users\liujinchun\Downloads\skills_codex\paper-workbench\experiments\results\qlr_service_broad_plan\tables\app_2660_qlr_forecasting.csv,D:\Desktop\Cluster Computing\paper-workbench-full\Users\liujinchun\Downloads\skills_codex\paper-workbench\experiments\results\qlr_service_broad_plan\tables\app_2660_qlr_policy.csv,D:\Desktop\Cluster Computing\paper-workbench-full\Users\liujinchun\Downloads\skills_codex\paper-workbench\experiments\results\qlr_service_broad_plan\status\app_2660_status.json
app_2754,11520,9792,1728,60,1|5|10,1659,median_container_request_cores,4.0,0,42805.59981999958,D:\Desktop\Cluster Computing\paper-workbench-full\Users\liujinchun\Downloads\skills_codex\paper-workbench\experiments\results\qlr_service_broad_plan\tables\app_2754_qlr_forecasting.csv,D:\Desktop\Cluster Computing\paper-workbench-full\Users\liujinchun\Downloads\skills_codex\paper-workbench\experiments\results\qlr_service_broad_plan\tables\app_2754_qlr_policy.csv,D:\Desktop\Cluster Computing\paper-workbench-full\Users\liujinchun\Downloads\skills_codex\paper-workbench\experiments\results\qlr_service_broad_plan\status\app_2754_status.json
app_2856,11520,9792,1728,60,1|5|10,1659,median_container_request_cores,8.0,0,42805.59981999958,D:\Desktop\Cluster Computing\paper-workbench-full\Users\liujinchun\Downloads\skills_codex\paper-workbench\experiments\results\qlr_service_broad_plan\tables\app_2856_qlr_forecasting.csv,D:\Desktop\Cluster Computing\paper-workbench-full\Users\liujinchun\Downloads\skills_codex\paper-workbench\experiments\results\qlr_service_broad_plan\tables\app_2856_qlr_policy.csv,D:\Desktop\Cluster Computing\paper-workbench-full\Users\liujinchun\Downloads\skills_codex\paper-workbench\experiments\results\qlr_service_broad_plan\status\app_2856_status.json
app_2899,11520,9792,1728,60,1|5|10,1659,median_container_request_cores,4.0,0,42805.59981999958,D:\Desktop\Cluster Computing\paper-workbench-full\Users\liujinchun\Downloads\skills_codex\paper-workbench\experiments\results\qlr_service_broad_plan\tables\app_2899_qlr_forecasting.csv,D:\Desktop\Cluster Computing\paper-workbench-full\Users\liujinchun\Downloads\skills_codex\paper-workbench\experiments\results\qlr_service_broad_plan\tables\app_2899_qlr_policy.csv,D:\Desktop\Cluster Computing\paper-workbench-full\Users\liujinchun\Downloads\skills_codex\paper-workbench\experiments\results\qlr_service_broad_plan\status\app_2899_status.json
app_2989,11520,9792,1728,60,1|5|10,1659,median_container_request_cores,4.0,0,42805.59981999958,D:\Desktop\Cluster Computing\paper-workbench-full\Users\liujinchun\Downloads\skills_codex\paper-workbench\experiments\results\qlr_service_broad_plan\tables\app_2989_qlr_forecasting.csv,D:\Desktop\Cluster Computing\paper-workbench-full\Users\liujinchun\Downloads\skills_codex\paper-workbench\experiments\results\qlr_service_broad_plan\tables\app_2989_qlr_policy.csv,D:\Desktop\Cluster Computing\paper-workbench-full\Users\liujinchun\Downloads\skills_codex\paper-workbench\experiments\results\qlr_service_broad_plan\status\app_2989_status.json
app_3136,11520,9792,1728,60,1|5|10,1659,median_container_request_cores,4.0,0,42805.59981999958,D:\Desktop\Cluster Computing\paper-workbench-full\Users\liujinchun\Downloads\skills_codex\paper-workbench\experiments\results\qlr_service_broad_plan\tables\app_3136_qlr_forecasting.csv,D:\Desktop\Cluster Computing\paper-workbench-full\Users\liujinchun\Downloads\skills_codex\paper-workbench\experiments\results\qlr_service_broad_plan\tables\app_3136_qlr_policy.csv,D:\Desktop\Cluster Computing\paper-workbench-full\Users\liujinchun\Downloads\skills_codex\paper-workbench\experiments\results\qlr_service_broad_plan\status\app_3136_status.json
app_3238,11520,9792,1728,60,1|5|10,1659,median_container_request_cores,4.0,0,42805.59981999958,D:\Desktop\Cluster Computing\paper-workbench-full\Users\liujinchun\Downloads\skills_codex\paper-workbench\experiments\results\qlr_service_broad_plan\tables\app_3238_qlr_forecasting.csv,D:\Desktop\Cluster Computing\paper-workbench-full\Users\liujinchun\Downloads\skills_codex\paper-workbench\experiments\results\qlr_service_broad_plan\tables\app_3238_qlr_policy.csv,D:\Desktop\Cluster Computing\paper-workbench-full\Users\liujinchun\Downloads\skills_codex\paper-workbench\experiments\results\qlr_service_broad_plan\status\app_3238_status.json
app_3422,11520,9792,1728,60,1|5|10,1659,median_container_request_cores,4.0,0,42805.59981999958,D:\Desktop\Cluster Computing\paper-workbench-full\Users\liujinchun\Downloads\skills_codex\paper-workbench\experiments\results\qlr_service_broad_plan\tables\app_3422_qlr_forecasting.csv,D:\Desktop\Cluster Computing\paper-workbench-full\Users\liujinchun\Downloads\skills_codex\paper-workbench\experiments\results\qlr_service_broad_plan\tables\app_3422_qlr_policy.csv,D:\Desktop\Cluster Computing\paper-workbench-full\Users\liujinchun\Downloads\skills_codex\paper-workbench\experiments\results\qlr_service_broad_plan\status\app_3422_status.json
app_3511,11520,9792,1728,60,1|5|10,1659,median_container_request_cores,4.0,0,42805.59981999958,D:\Desktop\Cluster Computing\paper-workbench-full\Users\liujinchun\Downloads\skills_codex\paper-workbench\experiments\results\qlr_service_broad_plan\tables\app_3511_qlr_forecasting.csv,D:\Desktop\Cluster Computing\paper-workbench-full\Users\liujinchun\Downloads\skills_codex\paper-workbench\experiments\results\qlr_service_broad_plan\tables\app_3511_qlr_policy.csv,D:\Desktop\Cluster Computing\paper-workbench-full\Users\liujinchun\Downloads\skills_codex\paper-workbench\experiments\results\qlr_service_broad_plan\status\app_3511_status.json
app_3632,11520,9792,1728,60,1|5|10,1659,median_container_request_cores,4.0,0,42805.59981999958,D:\Desktop\Cluster Computing\paper-workbench-full\Users\liujinchun\Downloads\skills_codex\paper-workbench\experiments\results\qlr_service_broad_plan\tables\app_3632_qlr_forecasting.csv,D:\Desktop\Cluster Computing\paper-workbench-full\Users\liujinchun\Downloads\skills_codex\paper-workbench\experiments\results\qlr_service_broad_plan\tables\app_3632_qlr_policy.csv,D:\Desktop\Cluster Computing\paper-workbench-full\Users\liujinchun\Downloads\skills_codex\paper-workbench\experiments\results\qlr_service_broad_plan\status\app_3632_status.json
app_3665,11520,9792,1728,60,1|5|10,1659,median_container_request_cores,4.0,0,42805.59981999958,D:\Desktop\Cluster Computing\paper-workbench-full\Users\liujinchun\Downloads\skills_codex\paper-workbench\experiments\results\qlr_service_broad_plan\tables\app_3665_qlr_forecasting.csv,D:\Desktop\Cluster Computing\paper-workbench-full\Users\liujinchun\Downloads\skills_codex\paper-workbench\experiments\results\qlr_service_broad_plan\tables\app_3665_qlr_policy.csv,D:\Desktop\Cluster Computing\paper-workbench-full\Users\liujinchun\Downloads\skills_codex\paper-workbench\experiments\results\qlr_service_broad_plan\status\app_3665_status.json
app_3715,11520,9792,1728,60,1|5|10,1659,median_container_request_cores,4.0,0,42805.59981999958,D:\Desktop\Cluster Computing\paper-workbench-full\Users\liujinchun\Downloads\skills_codex\paper-workbench\experiments\results\qlr_service_broad_plan\tables\app_3715_qlr_forecasting.csv,D:\Desktop\Cluster Computing\paper-workbench-full\Users\liujinchun\Downloads\skills_codex\paper-workbench\experiments\results\qlr_service_broad_plan\tables\app_3715_qlr_policy.csv,D:\Desktop\Cluster Computing\paper-workbench-full\Users\liujinchun\Downloads\skills_codex\paper-workbench\experiments\results\qlr_service_broad_plan\status\app_3715_status.json
app_3924,11520,9792,1728,60,1|5|10,1659,median_container_request_cores,4.0,0,42805.59981999958,D:\Desktop\Cluster Computing\paper-workbench-full\Users\liujinchun\Downloads\skills_codex\paper-workbench\experiments\results\qlr_service_broad_plan\tables\app_3924_qlr_forecasting.csv,D:\Desktop\Cluster Computing\paper-workbench-full\Users\liujinchun\Downloads\skills_codex\paper-workbench\experiments\results\qlr_service_broad_plan\tables\app_3924_qlr_policy.csv,D:\Desktop\Cluster Computing\paper-workbench-full\Users\liujinchun\Downloads\skills_codex\paper-workbench\experiments\results\qlr_service_broad_plan\status\app_3924_status.json
app_3988,11520,9792,1728,60,1|5|10,1659,median_container_request_cores,4.0,0,42805.59981999958,D:\Desktop\Cluster Computing\paper-workbench-full\Users\liujinchun\Downloads\skills_codex\paper-workbench\experiments\results\qlr_service_broad_plan\tables\app_3988_qlr_forecasting.csv,D:\Desktop\Cluster Computing\paper-workbench-full\Users\liujinchun\Downloads\skills_codex\paper-workbench\experiments\results\qlr_service_broad_plan\tables\app_3988_qlr_policy.csv,D:\Desktop\Cluster Computing\paper-workbench-full\Users\liujinchun\Downloads\skills_codex\paper-workbench\experiments\results\qlr_service_broad_plan\status\app_3988_status.json
app_4077,11520,9792,1728,60,1|5|10,1659,median_container_request_cores,4.0,0,42805.59981999958,D:\Desktop\Cluster Computing\paper-workbench-full\Users\liujinchun\Downloads\skills_codex\paper-workbench\experiments\results\qlr_service_broad_plan\tables\app_4077_qlr_forecasting.csv,D:\Desktop\Cluster Computing\paper-workbench-full\Users\liujinchun\Downloads\skills_codex\paper-workbench\experiments\results\qlr_service_broad_plan\tables\app_4077_qlr_policy.csv,D:\Desktop\Cluster Computing\paper-workbench-full\Users\liujinchun\Downloads\skills_codex\paper-workbench\experiments\results\qlr_service_broad_plan\status\app_4077_status.json
app_4220,11520,9792,1728,60,1|5|10,1659,median_container_request_cores,8.0,0,42805.59981999958,D:\Desktop\Cluster Computing\paper-workbench-full\Users\liujinchun\Downloads\skills_codex\paper-workbench\experiments\results\qlr_service_broad_plan\tables\app_4220_qlr_forecasting.csv,D:\Desktop\Cluster Computing\paper-workbench-full\Users\liujinchun\Downloads\skills_codex\paper-workbench\experiments\results\qlr_service_broad_plan\tables\app_4220_qlr_policy.csv,D:\Desktop\Cluster Computing\paper-workbench-full\Users\liujinchun\Downloads\skills_codex\paper-workbench\experiments\results\qlr_service_broad_plan\status\app_4220_status.json
app_4353,11520,9792,1728,60,1|5|10,1659,median_container_request_cores,4.0,0,42805.59981999958,D:\Desktop\Cluster Computing\paper-workbench-full\Users\liujinchun\Downloads\skills_codex\paper-workbench\experiments\results\qlr_service_broad_plan\tables\app_4353_qlr_forecasting.csv,D:\Desktop\Cluster Computing\paper-workbench-full\Users\liujinchun\Downloads\skills_codex\paper-workbench\experiments\results\qlr_service_broad_plan\tables\app_4353_qlr_policy.csv,D:\Desktop\Cluster Computing\paper-workbench-full\Users\liujinchun\Downloads\skills_codex\paper-workbench\experiments\results\qlr_service_broad_plan\status\app_4353_status.json
app_442,11520,9792,1728,60,1|5|10,1659,median_container_request_cores,8.0,0,42805.59981999958,D:\Desktop\Cluster Computing\paper-workbench-full\Users\liujinchun\Downloads\skills_codex\paper-workbench\experiments\results\qlr_service_broad_plan\tables\app_442_qlr_forecasting.csv,D:\Desktop\Cluster Computing\paper-workbench-full\Users\liujinchun\Downloads\skills_codex\paper-workbench\experiments\results\qlr_service_broad_plan\tables\app_442_qlr_policy.csv,D:\Desktop\Cluster Computing\paper-workbench-full\Users\liujinchun\Downloads\skills_codex\paper-workbench\experiments\results\qlr_service_broad_plan\status\app_442_status.json
app_4474,11520,9792,1728,60,1|5|10,1659,median_container_request_cores,8.0,0,42805.59981999958,D:\Desktop\Cluster Computing\paper-workbench-full\Users\liujinchun\Downloads\skills_codex\paper-workbench\experiments\results\qlr_service_broad_plan\tables\app_4474_qlr_forecasting.csv,D:\Desktop\Cluster Computing\paper-workbench-full\Users\liujinchun\Downloads\skills_codex\paper-workbench\experiments\results\qlr_service_broad_plan\tables\app_4474_qlr_policy.csv,D:\Desktop\Cluster Computing\paper-workbench-full\Users\liujinchun\Downloads\skills_codex\paper-workbench\experiments\results\qlr_service_broad_plan\status\app_4474_status.json
app_459,11520,9792,1728,60,1|5|10,1659,median_container_request_cores,8.0,0,42805.59981999958,D:\Desktop\Cluster Computing\paper-workbench-full\Users\liujinchun\Downloads\skills_codex\paper-workbench\experiments\results\qlr_service_broad_plan\tables\app_459_qlr_forecasting.csv,D:\Desktop\Cluster Computing\paper-workbench-full\Users\liujinchun\Downloads\skills_codex\paper-workbench\experiments\results\qlr_service_broad_plan\tables\app_459_qlr_policy.csv,D:\Desktop\Cluster Computing\paper-workbench-full\Users\liujinchun\Downloads\skills_codex\paper-workbench\experiments\results\qlr_service_broad_plan\status\app_459_status.json
app_4619,11520,9792,1728,60,1|5|10,1659,median_container_request_cores,8.0,0,42805.59981999958,D:\Desktop\Cluster Computing\paper-workbench-full\Users\liujinchun\Downloads\skills_codex\paper-workbench\experiments\results\qlr_service_broad_plan\tables\app_4619_qlr_forecasting.csv,D:\Desktop\Cluster Computing\paper-workbench-full\Users\liujinchun\Downloads\skills_codex\paper-workbench\experiments\results\qlr_service_broad_plan\tables\app_4619_qlr_policy.csv,D:\Desktop\Cluster Computing\paper-workbench-full\Users\liujinchun\Downloads\skills_codex\paper-workbench\experiments\results\qlr_service_broad_plan\status\app_4619_status.json
app_4799,11520,9792,1728,60,1|5|10,1659,median_container_request_cores,8.0,0,42805.59981999958,D:\Desktop\Cluster Computing\paper-workbench-full\Users\liujinchun\Downloads\skills_codex\paper-workbench\experiments\results\qlr_service_broad_plan\tables\app_4799_qlr_forecasting.csv,D:\Desktop\Cluster Computing\paper-workbench-full\Users\liujinchun\Downloads\skills_codex\paper-workbench\experiments\results\qlr_service_broad_plan\tables\app_4799_qlr_policy.csv,D:\Desktop\Cluster Computing\paper-workbench-full\Users\liujinchun\Downloads\skills_codex\paper-workbench\experiments\results\qlr_service_broad_plan\status\app_4799_status.json
app_4832,11520,9792,1728,60,1|5|10,1659,median_container_request_cores,4.0,0,42805.59981999958,D:\Desktop\Cluster Computing\paper-workbench-full\Users\liujinchun\Downloads\skills_codex\paper-workbench\experiments\results\qlr_service_broad_plan\tables\app_4832_qlr_forecasting.csv,D:\Desktop\Cluster Computing\paper-workbench-full\Users\liujinchun\Downloads\skills_codex\paper-workbench\experiments\results\qlr_service_broad_plan\tables\app_4832_qlr_policy.csv,D:\Desktop\Cluster Computing\paper-workbench-full\Users\liujinchun\Downloads\skills_codex\paper-workbench\experiments\results\qlr_service_broad_plan\status\app_4832_status.json
app_498,11520,9792,1728,60,1|5|10,1659,median_container_request_cores,4.0,0,42805.59981999958,D:\Desktop\Cluster Computing\paper-workbench-full\Users\liujinchun\Downloads\skills_codex\paper-workbench\experiments\results\qlr_service_broad_plan\tables\app_498_qlr_forecasting.csv,D:\Desktop\Cluster Computing\paper-workbench-full\Users\liujinchun\Downloads\skills_codex\paper-workbench\experiments\results\qlr_service_broad_plan\tables\app_498_qlr_policy.csv,D:\Desktop\Cluster Computing\paper-workbench-full\Users\liujinchun\Downloads\skills_codex\paper-workbench\experiments\results\qlr_service_broad_plan\status\app_498_status.json
app_5035,11520,9792,1728,60,1|5|10,1659,median_container_request_cores,8.0,0,42805.59981999958,D:\Desktop\Cluster Computing\paper-workbench-full\Users\liujinchun\Downloads\skills_codex\paper-workbench\experiments\results\qlr_service_broad_plan\tables\app_5035_qlr_forecasting.csv,D:\Desktop\Cluster Computing\paper-workbench-full\Users\liujinchun\Downloads\skills_codex\paper-workbench\experiments\results\qlr_service_broad_plan\tables\app_5035_qlr_policy.csv,D:\Desktop\Cluster Computing\paper-workbench-full\Users\liujinchun\Downloads\skills_codex\paper-workbench\experiments\results\qlr_service_broad_plan\status\app_5035_status.json
app_512,11520,9792,1728,60,1|5|10,1659,median_container_request_cores,4.0,0,42805.59981999958,D:\Desktop\Cluster Computing\paper-workbench-full\Users\liujinchun\Downloads\skills_codex\paper-workbench\experiments\results\qlr_service_broad_plan\tables\app_512_qlr_forecasting.csv,D:\Desktop\Cluster Computing\paper-workbench-full\Users\liujinchun\Downloads\skills_codex\paper-workbench\experiments\results\qlr_service_broad_plan\tables\app_512_qlr_policy.csv,D:\Desktop\Cluster Computing\paper-workbench-full\Users\liujinchun\Downloads\skills_codex\paper-workbench\experiments\results\qlr_service_broad_plan\status\app_512_status.json
app_521,11520,9792,1728,60,1|5|10,1659,median_container_request_cores,4.0,0,42805.59981999958,D:\Desktop\Cluster Computing\paper-workbench-full\Users\liujinchun\Downloads\skills_codex\paper-workbench\experiments\results\qlr_service_broad_plan\tables\app_521_qlr_forecasting.csv,D:\Desktop\Cluster Computing\paper-workbench-full\Users\liujinchun\Downloads\skills_codex\paper-workbench\experiments\results\qlr_service_broad_plan\tables\app_521_qlr_policy.csv,D:\Desktop\Cluster Computing\paper-workbench-full\Users\liujinchun\Downloads\skills_codex\paper-workbench\experiments\results\qlr_service_broad_plan\status\app_521_status.json
app_5428,11520,9792,1728,60,1|5|10,1659,median_container_request_cores,4.0,0,42805.59981999958,D:\Desktop\Cluster Computing\paper-workbench-full\Users\liujinchun\Downloads\skills_codex\paper-workbench\experiments\results\qlr_service_broad_plan\tables\app_5428_qlr_forecasting.csv,D:\Desktop\Cluster Computing\paper-workbench-full\Users\liujinchun\Downloads\skills_codex\paper-workbench\experiments\results\qlr_service_broad_plan\tables\app_5428_qlr_policy.csv,D:\Desktop\Cluster Computing\paper-workbench-full\Users\liujinchun\Downloads\skills_codex\paper-workbench\experiments\results\qlr_service_broad_plan\status\app_5428_status.json
app_559,11520,9792,1728,60,1|5|10,1659,median_container_request_cores,4.0,0,42805.59981999958,D:\Desktop\Cluster Computing\paper-workbench-full\Users\liujinchun\Downloads\skills_codex\paper-workbench\experiments\results\qlr_service_broad_plan\tables\app_559_qlr_forecasting.csv,D:\Desktop\Cluster Computing\paper-workbench-full\Users\liujinchun\Downloads\skills_codex\paper-workbench\experiments\results\qlr_service_broad_plan\tables\app_559_qlr_policy.csv,D:\Desktop\Cluster Computing\paper-workbench-full\Users\liujinchun\Downloads\skills_codex\paper-workbench\experiments\results\qlr_service_broad_plan\status\app_559_status.json
app_565,11520,9792,1728,60,1|5|10,1659,median_container_request_cores,4.0,0,42805.59981999958,D:\Desktop\Cluster Computing\paper-workbench-full\Users\liujinchun\Downloads\skills_codex\paper-workbench\experiments\results\qlr_service_broad_plan\tables\app_565_qlr_forecasting.csv,D:\Desktop\Cluster Computing\paper-workbench-full\Users\liujinchun\Downloads\skills_codex\paper-workbench\experiments\results\qlr_service_broad_plan\tables\app_565_qlr_policy.csv,D:\Desktop\Cluster Computing\paper-workbench-full\Users\liujinchun\Downloads\skills_codex\paper-workbench\experiments\results\qlr_service_broad_plan\status\app_565_status.json
app_5657,11520,9792,1728,60,1|5|10,1659,median_container_request_cores,4.0,0,42805.59981999958,D:\Desktop\Cluster Computing\paper-workbench-full\Users\liujinchun\Downloads\skills_codex\paper-workbench\experiments\results\qlr_service_broad_plan\tables\app_5657_qlr_forecasting.csv,D:\Desktop\Cluster Computing\paper-workbench-full\Users\liujinchun\Downloads\skills_codex\paper-workbench\experiments\results\qlr_service_broad_plan\tables\app_5657_qlr_policy.csv,D:\Desktop\Cluster Computing\paper-workbench-full\Users\liujinchun\Downloads\skills_codex\paper-workbench\experiments\results\qlr_service_broad_plan\status\app_5657_status.json
app_5732,11520,9792,1728,60,1|5|10,1659,median_container_request_cores,8.0,0,42805.59981999958,D:\Desktop\Cluster Computing\paper-workbench-full\Users\liujinchun\Downloads\skills_codex\paper-workbench\experiments\results\qlr_service_broad_plan\tables\app_5732_qlr_forecasting.csv,D:\Desktop\Cluster Computing\paper-workbench-full\Users\liujinchun\Downloads\skills_codex\paper-workbench\experiments\results\qlr_service_broad_plan\tables\app_5732_qlr_policy.csv,D:\Desktop\Cluster Computing\paper-workbench-full\Users\liujinchun\Downloads\skills_codex\paper-workbench\experiments\results\qlr_service_broad_plan\status\app_5732_status.json
app_582,11520,9792,1728,60,1|5|10,1659,median_container_request_cores,4.0,0,42805.59981999958,D:\Desktop\Cluster Computing\paper-workbench-full\Users\liujinchun\Downloads\skills_codex\paper-workbench\experiments\results\qlr_service_broad_plan\tables\app_582_qlr_forecasting.csv,D:\Desktop\Cluster Computing\paper-workbench-full\Users\liujinchun\Downloads\skills_codex\paper-workbench\experiments\results\qlr_service_broad_plan\tables\app_582_qlr_policy.csv,D:\Desktop\Cluster Computing\paper-workbench-full\Users\liujinchun\Downloads\skills_codex\paper-workbench\experiments\results\qlr_service_broad_plan\status\app_582_status.json
app_5884,11520,9792,1728,60,1|5|10,1659,median_container_request_cores,4.0,0,42805.59981999958,D:\Desktop\Cluster Computing\paper-workbench-full\Users\liujinchun\Downloads\skills_codex\paper-workbench\experiments\results\qlr_service_broad_plan\tables\app_5884_qlr_forecasting.csv,D:\Desktop\Cluster Computing\paper-workbench-full\Users\liujinchun\Downloads\skills_codex\paper-workbench\experiments\results\qlr_service_broad_plan\tables\app_5884_qlr_policy.csv,D:\Desktop\Cluster Computing\paper-workbench-full\Users\liujinchun\Downloads\skills_codex\paper-workbench\experiments\results\qlr_service_broad_plan\status\app_5884_status.json
app_5936,11520,9792,1728,60,1|5|10,1659,median_container_request_cores,4.0,0,42805.59981999958,D:\Desktop\Cluster Computing\paper-workbench-full\Users\liujinchun\Downloads\skills_codex\paper-workbench\experiments\results\qlr_service_broad_plan\tables\app_5936_qlr_forecasting.csv,D:\Desktop\Cluster Computing\paper-workbench-full\Users\liujinchun\Downloads\skills_codex\paper-workbench\experiments\results\qlr_service_broad_plan\tables\app_5936_qlr_policy.csv,D:\Desktop\Cluster Computing\paper-workbench-full\Users\liujinchun\Downloads\skills_codex\paper-workbench\experiments\results\qlr_service_broad_plan\status\app_5936_status.json
app_6034,11520,9792,1728,60,1|5|10,1659,median_container_request_cores,4.0,0,42805.59981999958,D:\Desktop\Cluster Computing\paper-workbench-full\Users\liujinchun\Downloads\skills_codex\paper-workbench\experiments\results\qlr_service_broad_plan\tables\app_6034_qlr_forecasting.csv,D:\Desktop\Cluster Computing\paper-workbench-full\Users\liujinchun\Downloads\skills_codex\paper-workbench\experiments\results\qlr_service_broad_plan\tables\app_6034_qlr_policy.csv,D:\Desktop\Cluster Computing\paper-workbench-full\Users\liujinchun\Downloads\skills_codex\paper-workbench\experiments\results\qlr_service_broad_plan\status\app_6034_status.json
app_6217,11520,9792,1728,60,1|5|10,1659,median_container_request_cores,4.0,0,42805.59981999958,D:\Desktop\Cluster Computing\paper-workbench-full\Users\liujinchun\Downloads\skills_codex\paper-workbench\experiments\results\qlr_service_broad_plan\tables\app_6217_qlr_forecasting.csv,D:\Desktop\Cluster Computing\paper-workbench-full\Users\liujinchun\Downloads\skills_codex\paper-workbench\experiments\results\qlr_service_broad_plan\tables\app_6217_qlr_policy.csv,D:\Desktop\Cluster Computing\paper-workbench-full\Users\liujinchun\Downloads\skills_codex\paper-workbench\experiments\results\qlr_service_broad_plan\status\app_6217_status.json
app_6491,11520,9792,1728,60,1|5|10,1659,median_container_request_cores,4.0,0,42805.59981999958,D:\Desktop\Cluster Computing\paper-workbench-full\Users\liujinchun\Downloads\skills_codex\paper-workbench\experiments\results\qlr_service_broad_plan\tables\app_6491_qlr_forecasting.csv,D:\Desktop\Cluster Computing\paper-workbench-full\Users\liujinchun\Downloads\skills_codex\paper-workbench\experiments\results\qlr_service_broad_plan\tables\app_6491_qlr_policy.csv,D:\Desktop\Cluster Computing\paper-workbench-full\Users\liujinchun\Downloads\skills_codex\paper-workbench\experiments\results\qlr_service_broad_plan\status\app_6491_status.json
app_6597,11520,9792,1728,60,1|5|10,1659,median_container_request_cores,8.0,0,42805.59981999958,D:\Desktop\Cluster Computing\paper-workbench-full\Users\liujinchun\Downloads\skills_codex\paper-workbench\experiments\results\qlr_service_broad_plan\tables\app_6597_qlr_forecasting.csv,D:\Desktop\Cluster Computing\paper-workbench-full\Users\liujinchun\Downloads\skills_codex\paper-workbench\experiments\results\qlr_service_broad_plan\tables\app_6597_qlr_policy.csv,D:\Desktop\Cluster Computing\paper-workbench-full\Users\liujinchun\Downloads\skills_codex\paper-workbench\experiments\results\qlr_service_broad_plan\status\app_6597_status.json
app_6651,11520,9792,1728,60,1|5|10,1659,median_container_request_cores,4.0,0,42805.59981999958,D:\Desktop\Cluster Computing\paper-workbench-full\Users\liujinchun\Downloads\skills_codex\paper-workbench\experiments\results\qlr_service_broad_plan\tables\app_6651_qlr_forecasting.csv,D:\Desktop\Cluster Computing\paper-workbench-full\Users\liujinchun\Downloads\skills_codex\paper-workbench\experiments\results\qlr_service_broad_plan\tables\app_6651_qlr_policy.csv,D:\Desktop\Cluster Computing\paper-workbench-full\Users\liujinchun\Downloads\skills_codex\paper-workbench\experiments\results\qlr_service_broad_plan\status\app_6651_status.json
app_6763,11520,9792,1728,60,1|5|10,1659,median_container_request_cores,4.0,0,42805.59981999958,D:\Desktop\Cluster Computing\paper-workbench-full\Users\liujinchun\Downloads\skills_codex\paper-workbench\experiments\results\qlr_service_broad_plan\tables\app_6763_qlr_forecasting.csv,D:\Desktop\Cluster Computing\paper-workbench-full\Users\liujinchun\Downloads\skills_codex\paper-workbench\experiments\results\qlr_service_broad_plan\tables\app_6763_qlr_policy.csv,D:\Desktop\Cluster Computing\paper-workbench-full\Users\liujinchun\Downloads\skills_codex\paper-workbench\experiments\results\qlr_service_broad_plan\status\app_6763_status.json
app_6911,11520,9792,1728,60,1|5|10,1659,median_container_request_cores,4.0,0,42805.59981999958,D:\Desktop\Cluster Computing\paper-workbench-full\Users\liujinchun\Downloads\skills_codex\paper-workbench\experiments\results\qlr_service_broad_plan\tables\app_6911_qlr_forecasting.csv,D:\Desktop\Cluster Computing\paper-workbench-full\Users\liujinchun\Downloads\skills_codex\paper-workbench\experiments\results\qlr_service_broad_plan\tables\app_6911_qlr_policy.csv,D:\Desktop\Cluster Computing\paper-workbench-full\Users\liujinchun\Downloads\skills_codex\paper-workbench\experiments\results\qlr_service_broad_plan\status\app_6911_status.json
app_7073,11520,9792,1728,60,1|5|10,1659,median_container_request_cores,4.0,0,42805.59981999958,D:\Desktop\Cluster Computing\paper-workbench-full\Users\liujinchun\Downloads\skills_codex\paper-workbench\experiments\results\qlr_service_broad_plan\tables\app_7073_qlr_forecasting.csv,D:\Desktop\Cluster Computing\paper-workbench-full\Users\liujinchun\Downloads\skills_codex\paper-workbench\experiments\results\qlr_service_broad_plan\tables\app_7073_qlr_policy.csv,D:\Desktop\Cluster Computing\paper-workbench-full\Users\liujinchun\Downloads\skills_codex\paper-workbench\experiments\results\qlr_service_broad_plan\status\app_7073_status.json
app_7264,11520,9792,1728,60,1|5|10,1659,median_container_request_cores,8.0,0,42805.59981999958,D:\Desktop\Cluster Computing\paper-workbench-full\Users\liujinchun\Downloads\skills_codex\paper-workbench\experiments\results\qlr_service_broad_plan\tables\app_7264_qlr_forecasting.csv,D:\Desktop\Cluster Computing\paper-workbench-full\Users\liujinchun\Downloads\skills_codex\paper-workbench\experiments\results\qlr_service_broad_plan\tables\app_7264_qlr_policy.csv,D:\Desktop\Cluster Computing\paper-workbench-full\Users\liujinchun\Downloads\skills_codex\paper-workbench\experiments\results\qlr_service_broad_plan\status\app_7264_status.json
app_7414,11520,9792,1728,60,1|5|10,1659,median_container_request_cores,8.0,0,42805.59981999958,D:\Desktop\Cluster Computing\paper-workbench-full\Users\liujinchun\Downloads\skills_codex\paper-workbench\experiments\results\qlr_service_broad_plan\tables\app_7414_qlr_forecasting.csv,D:\Desktop\Cluster Computing\paper-workbench-full\Users\liujinchun\Downloads\skills_codex\paper-workbench\experiments\results\qlr_service_broad_plan\tables\app_7414_qlr_policy.csv,D:\Desktop\Cluster Computing\paper-workbench-full\Users\liujinchun\Downloads\skills_codex\paper-workbench\experiments\results\qlr_service_broad_plan\status\app_7414_status.json
app_7475,11520,9792,1728,60,1|5|10,1659,median_container_request_cores,4.0,0,42805.59981999958,D:\Desktop\Cluster Computing\paper-workbench-full\Users\liujinchun\Downloads\skills_codex\paper-workbench\experiments\results\qlr_service_broad_plan\tables\app_7475_qlr_forecasting.csv,D:\Desktop\Cluster Computing\paper-workbench-full\Users\liujinchun\Downloads\skills_codex\paper-workbench\experiments\results\qlr_service_broad_plan\tables\app_7475_qlr_policy.csv,D:\Desktop\Cluster Computing\paper-workbench-full\Users\liujinchun\Downloads\skills_codex\paper-workbench\experiments\results\qlr_service_broad_plan\status\app_7475_status.json
app_7766,11520,9792,1728,60,1|5|10,1659,median_container_request_cores,4.0,0,42805.59981999958,D:\Desktop\Cluster Computing\paper-workbench-full\Users\liujinchun\Downloads\skills_codex\paper-workbench\experiments\results\qlr_service_broad_plan\tables\app_7766_qlr_forecasting.csv,D:\Desktop\Cluster Computing\paper-workbench-full\Users\liujinchun\Downloads\skills_codex\paper-workbench\experiments\results\qlr_service_broad_plan\tables\app_7766_qlr_policy.csv,D:\Desktop\Cluster Computing\paper-workbench-full\Users\liujinchun\Downloads\skills_codex\paper-workbench\experiments\results\qlr_service_broad_plan\status\app_7766_status.json
app_7876,11520,9792,1728,60,1|5|10,1659,median_container_request_cores,8.0,0,42805.59981999958,D:\Desktop\Cluster Computing\paper-workbench-full\Users\liujinchun\Downloads\skills_codex\paper-workbench\experiments\results\qlr_service_broad_plan\tables\app_7876_qlr_forecasting.csv,D:\Desktop\Cluster Computing\paper-workbench-full\Users\liujinchun\Downloads\skills_codex\paper-workbench\experiments\results\qlr_service_broad_plan\tables\app_7876_qlr_policy.csv,D:\Desktop\Cluster Computing\paper-workbench-full\Users\liujinchun\Downloads\skills_codex\paper-workbench\experiments\results\qlr_service_broad_plan\status\app_7876_status.json
app_7908,11520,9792,1728,60,1|5|10,1659,median_container_request_cores,4.0,0,42805.59981999958,D:\Desktop\Cluster Computing\paper-workbench-full\Users\liujinchun\Downloads\skills_codex\paper-workbench\experiments\results\qlr_service_broad_plan\tables\app_7908_qlr_forecasting.csv,D:\Desktop\Cluster Computing\paper-workbench-full\Users\liujinchun\Downloads\skills_codex\paper-workbench\experiments\results\qlr_service_broad_plan\tables\app_7908_qlr_policy.csv,D:\Desktop\Cluster Computing\paper-workbench-full\Users\liujinchun\Downloads\skills_codex\paper-workbench\experiments\results\qlr_service_broad_plan\status\app_7908_status.json
app_8274,11520,9792,1728,60,1|5|10,1659,median_container_request_cores,8.0,0,42805.59981999958,D:\Desktop\Cluster Computing\paper-workbench-full\Users\liujinchun\Downloads\skills_codex\paper-workbench\experiments\results\qlr_service_broad_plan\tables\app_8274_qlr_forecasting.csv,D:\Desktop\Cluster Computing\paper-workbench-full\Users\liujinchun\Downloads\skills_codex\paper-workbench\experiments\results\qlr_service_broad_plan\tables\app_8274_qlr_policy.csv,D:\Desktop\Cluster Computing\paper-workbench-full\Users\liujinchun\Downloads\skills_codex\paper-workbench\experiments\results\qlr_service_broad_plan\status\app_8274_status.json
app_8492,11520,9792,1728,60,1|5|10,1659,median_container_request_cores,4.0,0,42805.59981999958,D:\Desktop\Cluster Computing\paper-workbench-full\Users\liujinchun\Downloads\skills_codex\paper-workbench\experiments\results\qlr_service_broad_plan\tables\app_8492_qlr_forecasting.csv,D:\Desktop\Cluster Computing\paper-workbench-full\Users\liujinchun\Downloads\skills_codex\paper-workbench\experiments\results\qlr_service_broad_plan\tables\app_8492_qlr_policy.csv,D:\Desktop\Cluster Computing\paper-workbench-full\Users\liujinchun\Downloads\skills_codex\paper-workbench\experiments\results\qlr_service_broad_plan\status\app_8492_status.json
app_8661,11520,9792,1728,60,1|5|10,1659,median_container_request_cores,8.0,0,42805.59981999958,D:\Desktop\Cluster Computing\paper-workbench-full\Users\liujinchun\Downloads\skills_codex\paper-workbench\experiments\results\qlr_service_broad_plan\tables\app_8661_qlr_forecasting.csv,D:\Desktop\Cluster Computing\paper-workbench-full\Users\liujinchun\Downloads\skills_codex\paper-workbench\experiments\results\qlr_service_broad_plan\tables\app_8661_qlr_policy.csv,D:\Desktop\Cluster Computing\paper-workbench-full\Users\liujinchun\Downloads\skills_codex\paper-workbench\experiments\results\qlr_service_broad_plan\status\app_8661_status.json
app_8727,11520,9792,1728,60,1|5|10,1659,median_container_request_cores,8.0,0,42805.59981999958,D:\Desktop\Cluster Computing\paper-workbench-full\Users\liujinchun\Downloads\skills_codex\paper-workbench\experiments\results\qlr_service_broad_plan\tables\app_8727_qlr_forecasting.csv,D:\Desktop\Cluster Computing\paper-workbench-full\Users\liujinchun\Downloads\skills_codex\paper-workbench\experiments\results\qlr_service_broad_plan\tables\app_8727_qlr_policy.csv,D:\Desktop\Cluster Computing\paper-workbench-full\Users\liujinchun\Downloads\skills_codex\paper-workbench\experiments\results\qlr_service_broad_plan\status\app_8727_status.json
app_8832,11520,9792,1728,60,1|5|10,1659,median_container_request_cores,4.0,0,42805.59981999958,D:\Desktop\Cluster Computing\paper-workbench-full\Users\liujinchun\Downloads\skills_codex\paper-workbench\experiments\results\qlr_service_broad_plan\tables\app_8832_qlr_forecasting.csv,D:\Desktop\Cluster Computing\paper-workbench-full\Users\liujinchun\Downloads\skills_codex\paper-workbench\experiments\results\qlr_service_broad_plan\tables\app_8832_qlr_policy.csv,D:\Desktop\Cluster Computing\paper-workbench-full\Users\liujinchun\Downloads\skills_codex\paper-workbench\experiments\results\qlr_service_broad_plan\status\app_8832_status.json
app_8981,11520,9792,1728,60,1|5|10,1659,median_container_request_cores,4.0,0,42805.59981999958,D:\Desktop\Cluster Computing\paper-workbench-full\Users\liujinchun\Downloads\skills_codex\paper-workbench\experiments\results\qlr_service_broad_plan\tables\app_8981_qlr_forecasting.csv,D:\Desktop\Cluster Computing\paper-workbench-full\Users\liujinchun\Downloads\skills_codex\paper-workbench\experiments\results\qlr_service_broad_plan\tables\app_8981_qlr_policy.csv,D:\Desktop\Cluster Computing\paper-workbench-full\Users\liujinchun\Downloads\skills_codex\paper-workbench\experiments\results\qlr_service_broad_plan\status\app_8981_status.json
app_9081,11520,9792,1728,60,1|5|10,1659,median_container_request_cores,4.0,0,42805.59981999958,D:\Desktop\Cluster Computing\paper-workbench-full\Users\liujinchun\Downloads\skills_codex\paper-workbench\experiments\results\qlr_service_broad_plan\tables\app_9081_qlr_forecasting.csv,D:\Desktop\Cluster Computing\paper-workbench-full\Users\liujinchun\Downloads\skills_codex\paper-workbench\experiments\results\qlr_service_broad_plan\tables\app_9081_qlr_policy.csv,D:\Desktop\Cluster Computing\paper-workbench-full\Users\liujinchun\Downloads\skills_codex\paper-workbench\experiments\results\qlr_service_broad_plan\status\app_9081_status.json
app_9529,11520,9792,1728,60,1|5|10,1659,median_container_request_cores,4.0,0,42805.59981999958,D:\Desktop\Cluster Computing\paper-workbench-full\Users\liujinchun\Downloads\skills_codex\paper-workbench\experiments\results\qlr_service_broad_plan\tables\app_9529_qlr_forecasting.csv,D:\Desktop\Cluster Computing\paper-workbench-full\Users\liujinchun\Downloads\skills_codex\paper-workbench\experiments\results\qlr_service_broad_plan\tables\app_9529_qlr_policy.csv,D:\Desktop\Cluster Computing\paper-workbench-full\Users\liujinchun\Downloads\skills_codex\paper-workbench\experiments\results\qlr_service_broad_plan\status\app_9529_status.json
app_9678,11520,9792,1728,60,1|5|10,1659,median_container_request_cores,8.0,0,42805.59981999958,D:\Desktop\Cluster Computing\paper-workbench-full\Users\liujinchun\Downloads\skills_codex\paper-workbench\experiments\results\qlr_service_broad_plan\tables\app_9678_qlr_forecasting.csv,D:\Desktop\Cluster Computing\paper-workbench-full\Users\liujinchun\Downloads\skills_codex\paper-workbench\experiments\results\qlr_service_broad_plan\tables\app_9678_qlr_policy.csv,D:\Desktop\Cluster Computing\paper-workbench-full\Users\liujinchun\Downloads\skills_codex\paper-workbench\experiments\results\qlr_service_broad_plan\status\app_9678_status.json
app_9741,11520,9792,1728,60,1|5|10,1659,median_container_request_cores,4.0,0,42805.59981999958,D:\Desktop\Cluster Computing\paper-workbench-full\Users\liujinchun\Downloads\skills_codex\paper-workbench\experiments\results\qlr_service_broad_plan\tables\app_9741_qlr_forecasting.csv,D:\Desktop\Cluster Computing\paper-workbench-full\Users\liujinchun\Downloads\skills_codex\paper-workbench\experiments\results\qlr_service_broad_plan\tables\app_9741_qlr_policy.csv,D:\Desktop\Cluster Computing\paper-workbench-full\Users\liujinchun\Downloads\skills_codex\paper-workbench\experiments\results\qlr_service_broad_plan\status\app_9741_status.json
app_1215,11520,9792,1728,60,1|5|10,1659,median_container_request_cores,4.0,1,42805.59981999958,D:\Desktop\Cluster Computing\paper-workbench-full\Users\liujinchun\Downloads\skills_codex\paper-workbench\experiments\results\qlr_service_broad_plan\tables\app_1215_qlr_forecasting.csv,D:\Desktop\Cluster Computing\paper-workbench-full\Users\liujinchun\Downloads\skills_codex\paper-workbench\experiments\results\qlr_service_broad_plan\tables\app_1215_qlr_policy.csv,D:\Desktop\Cluster Computing\paper-workbench-full\Users\liujinchun\Downloads\skills_codex\paper-workbench\experiments\results\qlr_service_broad_plan\status\app_1215_status.json
app_1276,11520,9792,1728,60,1|5|10,1659,median_container_request_cores,4.0,1,42805.59981999958,D:\Desktop\Cluster Computing\paper-workbench-full\Users\liujinchun\Downloads\skills_codex\paper-workbench\experiments\results\qlr_service_broad_plan\tables\app_1276_qlr_forecasting.csv,D:\Desktop\Cluster Computing\paper-workbench-full\Users\liujinchun\Downloads\skills_codex\paper-workbench\experiments\results\qlr_service_broad_plan\tables\app_1276_qlr_policy.csv,D:\Desktop\Cluster Computing\paper-workbench-full\Users\liujinchun\Downloads\skills_codex\paper-workbench\experiments\results\qlr_service_broad_plan\status\app_1276_status.json
app_1499,11520,9792,1728,60,1|5|10,1659,median_container_request_cores,8.0,1,42805.59981999958,D:\Desktop\Cluster Computing\paper-workbench-full\Users\liujinchun\Downloads\skills_codex\paper-workbench\experiments\results\qlr_service_broad_plan\tables\app_1499_qlr_forecasting.csv,D:\Desktop\Cluster Computing\paper-workbench-full\Users\liujinchun\Downloads\skills_codex\paper-workbench\experiments\results\qlr_service_broad_plan\tables\app_1499_qlr_policy.csv,D:\Desktop\Cluster Computing\paper-workbench-full\Users\liujinchun\Downloads\skills_codex\paper-workbench\experiments\results\qlr_service_broad_plan\status\app_1499_status.json
app_1658,11520,9792,1728,60,1|5|10,1659,median_container_request_cores,4.0,1,42805.59981999958,D:\Desktop\Cluster Computing\paper-workbench-full\Users\liujinchun\Downloads\skills_codex\paper-workbench\experiments\results\qlr_service_broad_plan\tables\app_1658_qlr_forecasting.csv,D:\Desktop\Cluster Computing\paper-workbench-full\Users\liujinchun\Downloads\skills_codex\paper-workbench\experiments\results\qlr_service_broad_plan\tables\app_1658_qlr_policy.csv,D:\Desktop\Cluster Computing\paper-workbench-full\Users\liujinchun\Downloads\skills_codex\paper-workbench\experiments\results\qlr_service_broad_plan\status\app_1658_status.json
app_17,11520,9792,1728,60,1|5|10,1659,median_container_request_cores,4.0,1,42805.59981999958,D:\Desktop\Cluster Computing\paper-workbench-full\Users\liujinchun\Downloads\skills_codex\paper-workbench\experiments\results\qlr_service_broad_plan\tables\app_17_qlr_forecasting.csv,D:\Desktop\Cluster Computing\paper-workbench-full\Users\liujinchun\Downloads\skills_codex\paper-workbench\experiments\results\qlr_service_broad_plan\tables\app_17_qlr_policy.csv,D:\Desktop\Cluster Computing\paper-workbench-full\Users\liujinchun\Downloads\skills_codex\paper-workbench\experiments\results\qlr_service_broad_plan\status\app_17_status.json
app_1825,11520,9792,1728,60,1|5|10,1659,median_container_request_cores,8.0,1,42805.59981999958,D:\Desktop\Cluster Computing\paper-workbench-full\Users\liujinchun\Downloads\skills_codex\paper-workbench\experiments\results\qlr_service_broad_plan\tables\app_1825_qlr_forecasting.csv,D:\Desktop\Cluster Computing\paper-workbench-full\Users\liujinchun\Downloads\skills_codex\paper-workbench\experiments\results\qlr_service_broad_plan\tables\app_1825_qlr_policy.csv,D:\Desktop\Cluster Computing\paper-workbench-full\Users\liujinchun\Downloads\skills_codex\paper-workbench\experiments\results\qlr_service_broad_plan\status\app_1825_status.json
app_2024,11520,9792,1728,60,1|5|10,1659,median_container_request_cores,4.0,1,42805.59981999958,D:\Desktop\Cluster Computing\paper-workbench-full\Users\liujinchun\Downloads\skills_codex\paper-workbench\experiments\results\qlr_service_broad_plan\tables\app_2024_qlr_forecasting.csv,D:\Desktop\Cluster Computing\paper-workbench-full\Users\liujinchun\Downloads\skills_codex\paper-workbench\experiments\results\qlr_service_broad_plan\tables\app_2024_qlr_policy.csv,D:\Desktop\Cluster Computing\paper-workbench-full\Users\liujinchun\Downloads\skills_codex\paper-workbench\experiments\results\qlr_service_broad_plan\status\app_2024_status.json
app_2241,11520,9792,1728,60,1|5|10,1659,median_container_request_cores,4.0,1,42805.59981999958,D:\Desktop\Cluster Computing\paper-workbench-full\Users\liujinchun\Downloads\skills_codex\paper-workbench\experiments\results\qlr_service_broad_plan\tables\app_2241_qlr_forecasting.csv,D:\Desktop\Cluster Computing\paper-workbench-full\Users\liujinchun\Downloads\skills_codex\paper-workbench\experiments\results\qlr_service_broad_plan\tables\app_2241_qlr_policy.csv,D:\Desktop\Cluster Computing\paper-workbench-full\Users\liujinchun\Downloads\skills_codex\paper-workbench\experiments\results\qlr_service_broad_plan\status\app_2241_status.json
app_2296,11520,9792,1728,60,1|5|10,1659,median_container_request_cores,4.0,1,42805.59981999958,D:\Desktop\Cluster Computing\paper-workbench-full\Users\liujinchun\Downloads\skills_codex\paper-workbench\experiments\results\qlr_service_broad_plan\tables\app_2296_qlr_forecasting.csv,D:\Desktop\Cluster Computing\paper-workbench-full\Users\liujinchun\Downloads\skills_codex\paper-workbench\experiments\results\qlr_service_broad_plan\tables\app_2296_qlr_policy.csv,D:\Desktop\Cluster Computing\paper-workbench-full\Users\liujinchun\Downloads\skills_codex\paper-workbench\experiments\results\qlr_service_broad_plan\status\app_2296_status.json
app_2497,11520,9792,1728,60,1|5|10,1659,median_container_request_cores,4.0,1,42805.59981999958,D:\Desktop\Cluster Computing\paper-workbench-full\Users\liujinchun\Downloads\skills_codex\paper-workbench\experiments\results\qlr_service_broad_plan\tables\app_2497_qlr_forecasting.csv,D:\Desktop\Cluster Computing\paper-workbench-full\Users\liujinchun\Downloads\skills_codex\paper-workbench\experiments\results\qlr_service_broad_plan\tables\app_2497_qlr_policy.csv,D:\Desktop\Cluster Computing\paper-workbench-full\Users\liujinchun\Downloads\skills_codex\paper-workbench\experiments\results\qlr_service_broad_plan\status\app_2497_status.json
app_263,11520,9792,1728,60,1|5|10,1659,median_container_request_cores,8.0,1,42805.59981999958,D:\Desktop\Cluster Computing\paper-workbench-full\Users\liujinchun\Downloads\skills_codex\paper-workbench\experiments\results\qlr_service_broad_plan\tables\app_263_qlr_forecasting.csv,D:\Desktop\Cluster Computing\paper-workbench-full\Users\liujinchun\Downloads\skills_codex\paper-workbench\experiments\results\qlr_service_broad_plan\tables\app_263_qlr_policy.csv,D:\Desktop\Cluster Computing\paper-workbench-full\Users\liujinchun\Downloads\skills_codex\paper-workbench\experiments\results\qlr_service_broad_plan\status\app_263_status.json
app_2695,11520,9792,1728,60,1|5|10,1659,median_container_request_cores,8.0,1,42805.59981999958,D:\Desktop\Cluster Computing\paper-workbench-full\Users\liujinchun\Downloads\skills_codex\paper-workbench\experiments\results\qlr_service_broad_plan\tables\app_2695_qlr_forecasting.csv,D:\Desktop\Cluster Computing\paper-workbench-full\Users\liujinchun\Downloads\skills_codex\paper-workbench\experiments\results\qlr_service_broad_plan\tables\app_2695_qlr_policy.csv,D:\Desktop\Cluster Computing\paper-workbench-full\Users\liujinchun\Downloads\skills_codex\paper-workbench\experiments\results\qlr_service_broad_plan\status\app_2695_status.json
app_2819,11520,9792,1728,60,1|5|10,1659,median_container_request_cores,8.0,1,42805.59981999958,D:\Desktop\Cluster Computing\paper-workbench-full\Users\liujinchun\Downloads\skills_codex\paper-workbench\experiments\results\qlr_service_broad_plan\tables\app_2819_qlr_forecasting.csv,D:\Desktop\Cluster Computing\paper-workbench-full\Users\liujinchun\Downloads\skills_codex\paper-workbench\experiments\results\qlr_service_broad_plan\tables\app_2819_qlr_policy.csv,D:\Desktop\Cluster Computing\paper-workbench-full\Users\liujinchun\Downloads\skills_codex\paper-workbench\experiments\results\qlr_service_broad_plan\status\app_2819_status.json
app_2895,11520,9792,1728,60,1|5|10,1659,median_container_request_cores,8.0,1,42805.59981999958,D:\Desktop\Cluster Computing\paper-workbench-full\Users\liujinchun\Downloads\skills_codex\paper-workbench\experiments\results\qlr_service_broad_plan\tables\app_2895_qlr_forecasting.csv,D:\Desktop\Cluster Computing\paper-workbench-full\Users\liujinchun\Downloads\skills_codex\paper-workbench\experiments\results\qlr_service_broad_plan\tables\app_2895_qlr_policy.csv,D:\Desktop\Cluster Computing\paper-workbench-full\Users\liujinchun\Downloads\skills_codex\paper-workbench\experiments\results\qlr_service_broad_plan\status\app_2895_status.json
app_2965,11520,9792,1728,60,1|5|10,1659,median_container_request_cores,4.0,1,42805.59981999958,D:\Desktop\Cluster Computing\paper-workbench-full\Users\liujinchun\Downloads\skills_codex\paper-workbench\experiments\results\qlr_service_broad_plan\tables\app_2965_qlr_forecasting.csv,D:\Desktop\Cluster Computing\paper-workbench-full\Users\liujinchun\Downloads\skills_codex\paper-workbench\experiments\results\qlr_service_broad_plan\tables\app_2965_qlr_policy.csv,D:\Desktop\Cluster Computing\paper-workbench-full\Users\liujinchun\Downloads\skills_codex\paper-workbench\experiments\results\qlr_service_broad_plan\status\app_2965_status.json
app_3073,11520,9792,1728,60,1|5|10,1659,median_container_request_cores,4.0,1,42805.59981999958,D:\Desktop\Cluster Computing\paper-workbench-full\Users\liujinchun\Downloads\skills_codex\paper-workbench\experiments\results\qlr_service_broad_plan\tables\app_3073_qlr_forecasting.csv,D:\Desktop\Cluster Computing\paper-workbench-full\Users\liujinchun\Downloads\skills_codex\paper-workbench\experiments\results\qlr_service_broad_plan\tables\app_3073_qlr_policy.csv,D:\Desktop\Cluster Computing\paper-workbench-full\Users\liujinchun\Downloads\skills_codex\paper-workbench\experiments\results\qlr_service_broad_plan\status\app_3073_status.json
app_3183,11520,9792,1728,60,1|5|10,1659,median_container_request_cores,8.0,1,42805.59981999958,D:\Desktop\Cluster Computing\paper-workbench-full\Users\liujinchun\Downloads\skills_codex\paper-workbench\experiments\results\qlr_service_broad_plan\tables\app_3183_qlr_forecasting.csv,D:\Desktop\Cluster Computing\paper-workbench-full\Users\liujinchun\Downloads\skills_codex\paper-workbench\experiments\results\qlr_service_broad_plan\tables\app_3183_qlr_policy.csv,D:\Desktop\Cluster Computing\paper-workbench-full\Users\liujinchun\Downloads\skills_codex\paper-workbench\experiments\results\qlr_service_broad_plan\status\app_3183_status.json
app_3275,11520,9792,1728,60,1|5|10,1659,median_container_request_cores,16.0,1,42805.59981999958,D:\Desktop\Cluster Computing\paper-workbench-full\Users\liujinchun\Downloads\skills_codex\paper-workbench\experiments\results\qlr_service_broad_plan\tables\app_3275_qlr_forecasting.csv,D:\Desktop\Cluster Computing\paper-workbench-full\Users\liujinchun\Downloads\skills_codex\paper-workbench\experiments\results\qlr_service_broad_plan\tables\app_3275_qlr_policy.csv,D:\Desktop\Cluster Computing\paper-workbench-full\Users\liujinchun\Downloads\skills_codex\paper-workbench\experiments\results\qlr_service_broad_plan\status\app_3275_status.json
app_3472,11520,9792,1728,60,1|5|10,1659,median_container_request_cores,4.0,1,42805.59981999958,D:\Desktop\Cluster Computing\paper-workbench-full\Users\liujinchun\Downloads\skills_codex\paper-workbench\experiments\results\qlr_service_broad_plan\tables\app_3472_qlr_forecasting.csv,D:\Desktop\Cluster Computing\paper-workbench-full\Users\liujinchun\Downloads\skills_codex\paper-workbench\experiments\results\qlr_service_broad_plan\tables\app_3472_qlr_policy.csv,D:\Desktop\Cluster Computing\paper-workbench-full\Users\liujinchun\Downloads\skills_codex\paper-workbench\experiments\results\qlr_service_broad_plan\status\app_3472_status.json
app_3514,11520,9792,1728,60,1|5|10,1659,median_container_request_cores,4.0,1,42805.59981999958,D:\Desktop\Cluster Computing\paper-workbench-full\Users\liujinchun\Downloads\skills_codex\paper-workbench\experiments\results\qlr_service_broad_plan\tables\app_3514_qlr_forecasting.csv,D:\Desktop\Cluster Computing\paper-workbench-full\Users\liujinchun\Downloads\skills_codex\paper-workbench\experiments\results\qlr_service_broad_plan\tables\app_3514_qlr_policy.csv,D:\Desktop\Cluster Computing\paper-workbench-full\Users\liujinchun\Downloads\skills_codex\paper-workbench\experiments\results\qlr_service_broad_plan\status\app_3514_status.json
app_3641,11520,9792,1728,60,1|5|10,1659,median_container_request_cores,4.0,1,42805.59981999958,D:\Desktop\Cluster Computing\paper-workbench-full\Users\liujinchun\Downloads\skills_codex\paper-workbench\experiments\results\qlr_service_broad_plan\tables\app_3641_qlr_forecasting.csv,D:\Desktop\Cluster Computing\paper-workbench-full\Users\liujinchun\Downloads\skills_codex\paper-workbench\experiments\results\qlr_service_broad_plan\tables\app_3641_qlr_policy.csv,D:\Desktop\Cluster Computing\paper-workbench-full\Users\liujinchun\Downloads\skills_codex\paper-workbench\experiments\results\qlr_service_broad_plan\status\app_3641_status.json
app_3707,11520,9792,1728,60,1|5|10,1659,median_container_request_cores,8.0,1,42805.59981999958,D:\Desktop\Cluster Computing\paper-workbench-full\Users\liujinchun\Downloads\skills_codex\paper-workbench\experiments\results\qlr_service_broad_plan\tables\app_3707_qlr_forecasting.csv,D:\Desktop\Cluster Computing\paper-workbench-full\Users\liujinchun\Downloads\skills_codex\paper-workbench\experiments\results\qlr_service_broad_plan\tables\app_3707_qlr_policy.csv,D:\Desktop\Cluster Computing\paper-workbench-full\Users\liujinchun\Downloads\skills_codex\paper-workbench\experiments\results\qlr_service_broad_plan\status\app_3707_status.json
app_3755,11520,9792,1728,60,1|5|10,1659,median_container_request_cores,4.0,1,42805.59981999958,D:\Desktop\Cluster Computing\paper-workbench-full\Users\liujinchun\Downloads\skills_codex\paper-workbench\experiments\results\qlr_service_broad_plan\tables\app_3755_qlr_forecasting.csv,D:\Desktop\Cluster Computing\paper-workbench-full\Users\liujinchun\Downloads\skills_codex\paper-workbench\experiments\results\qlr_service_broad_plan\tables\app_3755_qlr_policy.csv,D:\Desktop\Cluster Computing\paper-workbench-full\Users\liujinchun\Downloads\skills_codex\paper-workbench\experiments\results\qlr_service_broad_plan\status\app_3755_status.json
app_3979,11520,9792,1728,60,1|5|10,1659,median_container_request_cores,8.0,1,42805.59981999958,D:\Desktop\Cluster Computing\paper-workbench-full\Users\liujinchun\Downloads\skills_codex\paper-workbench\experiments\results\qlr_service_broad_plan\tables\app_3979_qlr_forecasting.csv,D:\Desktop\Cluster Computing\paper-workbench-full\Users\liujinchun\Downloads\skills_codex\paper-workbench\experiments\results\qlr_service_broad_plan\tables\app_3979_qlr_policy.csv,D:\Desktop\Cluster Computing\paper-workbench-full\Users\liujinchun\Downloads\skills_codex\paper-workbench\experiments\results\qlr_service_broad_plan\status\app_3979_status.json
app_4038,11520,9792,1728,60,1|5|10,1659,median_container_request_cores,8.0,1,42805.59981999958,D:\Desktop\Cluster Computing\paper-workbench-full\Users\liujinchun\Downloads\skills_codex\paper-workbench\experiments\results\qlr_service_broad_plan\tables\app_4038_qlr_forecasting.csv,D:\Desktop\Cluster Computing\paper-workbench-full\Users\liujinchun\Downloads\skills_codex\paper-workbench\experiments\results\qlr_service_broad_plan\tables\app_4038_qlr_policy.csv,D:\Desktop\Cluster Computing\paper-workbench-full\Users\liujinchun\Downloads\skills_codex\paper-workbench\experiments\results\qlr_service_broad_plan\status\app_4038_status.json
app_4142,11520,9792,1728,60,1|5|10,1659,median_container_request_cores,8.0,1,42805.59981999958,D:\Desktop\Cluster Computing\paper-workbench-full\Users\liujinchun\Downloads\skills_codex\paper-workbench\experiments\results\qlr_service_broad_plan\tables\app_4142_qlr_forecasting.csv,D:\Desktop\Cluster Computing\paper-workbench-full\Users\liujinchun\Downloads\skills_codex\paper-workbench\experiments\results\qlr_service_broad_plan\tables\app_4142_qlr_policy.csv,D:\Desktop\Cluster Computing\paper-workbench-full\Users\liujinchun\Downloads\skills_codex\paper-workbench\experiments\results\qlr_service_broad_plan\status\app_4142_status.json
app_4265,11520,9792,1728,60,1|5|10,1659,median_container_request_cores,4.0,1,42805.59981999958,D:\Desktop\Cluster Computing\paper-workbench-full\Users\liujinchun\Downloads\skills_codex\paper-workbench\experiments\results\qlr_service_broad_plan\tables\app_4265_qlr_forecasting.csv,D:\Desktop\Cluster Computing\paper-workbench-full\Users\liujinchun\Downloads\skills_codex\paper-workbench\experiments\results\qlr_service_broad_plan\tables\app_4265_qlr_policy.csv,D:\Desktop\Cluster Computing\paper-workbench-full\Users\liujinchun\Downloads\skills_codex\paper-workbench\experiments\results\qlr_service_broad_plan\status\app_4265_status.json
app_4371,11520,9792,1728,60,1|5|10,1659,median_container_request_cores,4.0,1,42805.59981999958,D:\Desktop\Cluster Computing\paper-workbench-full\Users\liujinchun\Downloads\skills_codex\paper-workbench\experiments\results\qlr_service_broad_plan\tables\app_4371_qlr_forecasting.csv,D:\Desktop\Cluster Computing\paper-workbench-full\Users\liujinchun\Downloads\skills_codex\paper-workbench\experiments\results\qlr_service_broad_plan\tables\app_4371_qlr_policy.csv,D:\Desktop\Cluster Computing\paper-workbench-full\Users\liujinchun\Downloads\skills_codex\paper-workbench\experiments\results\qlr_service_broad_plan\status\app_4371_status.json
app_4456,11520,9792,1728,60,1|5|10,1659,median_container_request_cores,4.0,1,42805.59981999958,D:\Desktop\Cluster Computing\paper-workbench-full\Users\liujinchun\Downloads\skills_codex\paper-workbench\experiments\results\qlr_service_broad_plan\tables\app_4456_qlr_forecasting.csv,D:\Desktop\Cluster Computing\paper-workbench-full\Users\liujinchun\Downloads\skills_codex\paper-workbench\experiments\results\qlr_service_broad_plan\tables\app_4456_qlr_policy.csv,D:\Desktop\Cluster Computing\paper-workbench-full\Users\liujinchun\Downloads\skills_codex\paper-workbench\experiments\results\qlr_service_broad_plan\status\app_4456_status.json
app_4483,11520,9792,1728,60,1|5|10,1659,median_container_request_cores,4.0,1,42805.59981999958,D:\Desktop\Cluster Computing\paper-workbench-full\Users\liujinchun\Downloads\skills_codex\paper-workbench\experiments\results\qlr_service_broad_plan\tables\app_4483_qlr_forecasting.csv,D:\Desktop\Cluster Computing\paper-workbench-full\Users\liujinchun\Downloads\skills_codex\paper-workbench\experiments\results\qlr_service_broad_plan\tables\app_4483_qlr_policy.csv,D:\Desktop\Cluster Computing\paper-workbench-full\Users\liujinchun\Downloads\skills_codex\paper-workbench\experiments\results\qlr_service_broad_plan\status\app_4483_status.json
app_460,11520,9792,1728,60,1|5|10,1659,median_container_request_cores,4.0,1,42805.59981999958,D:\Desktop\Cluster Computing\paper-workbench-full\Users\liujinchun\Downloads\skills_codex\paper-workbench\experiments\results\qlr_service_broad_plan\tables\app_460_qlr_forecasting.csv,D:\Desktop\Cluster Computing\paper-workbench-full\Users\liujinchun\Downloads\skills_codex\paper-workbench\experiments\results\qlr_service_broad_plan\tables\app_460_qlr_policy.csv,D:\Desktop\Cluster Computing\paper-workbench-full\Users\liujinchun\Downloads\skills_codex\paper-workbench\experiments\results\qlr_service_broad_plan\status\app_460_status.json
app_4650,11520,9792,1728,60,1|5|10,1659,median_container_request_cores,8.0,1,42805.59981999958,D:\Desktop\Cluster Computing\paper-workbench-full\Users\liujinchun\Downloads\skills_codex\paper-workbench\experiments\results\qlr_service_broad_plan\tables\app_4650_qlr_forecasting.csv,D:\Desktop\Cluster Computing\paper-workbench-full\Users\liujinchun\Downloads\skills_codex\paper-workbench\experiments\results\qlr_service_broad_plan\tables\app_4650_qlr_policy.csv,D:\Desktop\Cluster Computing\paper-workbench-full\Users\liujinchun\Downloads\skills_codex\paper-workbench\experiments\results\qlr_service_broad_plan\status\app_4650_status.json
app_4812,11520,9792,1728,60,1|5|10,1659,median_container_request_cores,4.0,1,42805.59981999958,D:\Desktop\Cluster Computing\paper-workbench-full\Users\liujinchun\Downloads\skills_codex\paper-workbench\experiments\results\qlr_service_broad_plan\tables\app_4812_qlr_forecasting.csv,D:\Desktop\Cluster Computing\paper-workbench-full\Users\liujinchun\Downloads\skills_codex\paper-workbench\experiments\results\qlr_service_broad_plan\tables\app_4812_qlr_policy.csv,D:\Desktop\Cluster Computing\paper-workbench-full\Users\liujinchun\Downloads\skills_codex\paper-workbench\experiments\results\qlr_service_broad_plan\status\app_4812_status.json
app_484,11520,9792,1728,60,1|5|10,1659,median_container_request_cores,4.0,1,42805.59981999958,D:\Desktop\Cluster Computing\paper-workbench-full\Users\liujinchun\Downloads\skills_codex\paper-workbench\experiments\results\qlr_service_broad_plan\tables\app_484_qlr_forecasting.csv,D:\Desktop\Cluster Computing\paper-workbench-full\Users\liujinchun\Downloads\skills_codex\paper-workbench\experiments\results\qlr_service_broad_plan\tables\app_484_qlr_policy.csv,D:\Desktop\Cluster Computing\paper-workbench-full\Users\liujinchun\Downloads\skills_codex\paper-workbench\experiments\results\qlr_service_broad_plan\status\app_484_status.json
app_5029,11520,9792,1728,60,1|5|10,1659,median_container_request_cores,8.0,1,42805.59981999958,D:\Desktop\Cluster Computing\paper-workbench-full\Users\liujinchun\Downloads\skills_codex\paper-workbench\experiments\results\qlr_service_broad_plan\tables\app_5029_qlr_forecasting.csv,D:\Desktop\Cluster Computing\paper-workbench-full\Users\liujinchun\Downloads\skills_codex\paper-workbench\experiments\results\qlr_service_broad_plan\tables\app_5029_qlr_policy.csv,D:\Desktop\Cluster Computing\paper-workbench-full\Users\liujinchun\Downloads\skills_codex\paper-workbench\experiments\results\qlr_service_broad_plan\status\app_5029_status.json
app_5102,11520,9792,1728,60,1|5|10,1659,median_container_request_cores,8.0,1,42805.59981999958,D:\Desktop\Cluster Computing\paper-workbench-full\Users\liujinchun\Downloads\skills_codex\paper-workbench\experiments\results\qlr_service_broad_plan\tables\app_5102_qlr_forecasting.csv,D:\Desktop\Cluster Computing\paper-workbench-full\Users\liujinchun\Downloads\skills_codex\paper-workbench\experiments\results\qlr_service_broad_plan\tables\app_5102_qlr_policy.csv,D:\Desktop\Cluster Computing\paper-workbench-full\Users\liujinchun\Downloads\skills_codex\paper-workbench\experiments\results\qlr_service_broad_plan\status\app_5102_status.json
app_5159,11520,9792,1728,60,1|5|10,1659,median_container_request_cores,4.0,1,42805.59981999958,D:\Desktop\Cluster Computing\paper-workbench-full\Users\liujinchun\Downloads\skills_codex\paper-workbench\experiments\results\qlr_service_broad_plan\tables\app_5159_qlr_forecasting.csv,D:\Desktop\Cluster Computing\paper-workbench-full\Users\liujinchun\Downloads\skills_codex\paper-workbench\experiments\results\qlr_service_broad_plan\tables\app_5159_qlr_policy.csv,D:\Desktop\Cluster Computing\paper-workbench-full\Users\liujinchun\Downloads\skills_codex\paper-workbench\experiments\results\qlr_service_broad_plan\status\app_5159_status.json
app_5420,11520,9792,1728,60,1|5|10,1659,median_container_request_cores,4.0,1,42805.59981999958,D:\Desktop\Cluster Computing\paper-workbench-full\Users\liujinchun\Downloads\skills_codex\paper-workbench\experiments\results\qlr_service_broad_plan\tables\app_5420_qlr_forecasting.csv,D:\Desktop\Cluster Computing\paper-workbench-full\Users\liujinchun\Downloads\skills_codex\paper-workbench\experiments\results\qlr_service_broad_plan\tables\app_5420_qlr_policy.csv,D:\Desktop\Cluster Computing\paper-workbench-full\Users\liujinchun\Downloads\skills_codex\paper-workbench\experiments\results\qlr_service_broad_plan\status\app_5420_status.json
app_5546,11520,9792,1728,60,1|5|10,1659,median_container_request_cores,4.0,1,42805.59981999958,D:\Desktop\Cluster Computing\paper-workbench-full\Users\liujinchun\Downloads\skills_codex\paper-workbench\experiments\results\qlr_service_broad_plan\tables\app_5546_qlr_forecasting.csv,D:\Desktop\Cluster Computing\paper-workbench-full\Users\liujinchun\Downloads\skills_codex\paper-workbench\experiments\results\qlr_service_broad_plan\tables\app_5546_qlr_policy.csv,D:\Desktop\Cluster Computing\paper-workbench-full\Users\liujinchun\Downloads\skills_codex\paper-workbench\experiments\results\qlr_service_broad_plan\status\app_5546_status.json
app_56,11520,9792,1728,60,1|5|10,1659,median_container_request_cores,4.0,1,42805.59981999958,D:\Desktop\Cluster Computing\paper-workbench-full\Users\liujinchun\Downloads\skills_codex\paper-workbench\experiments\results\qlr_service_broad_plan\tables\app_56_qlr_forecasting.csv,D:\Desktop\Cluster Computing\paper-workbench-full\Users\liujinchun\Downloads\skills_codex\paper-workbench\experiments\results\qlr_service_broad_plan\tables\app_56_qlr_policy.csv,D:\Desktop\Cluster Computing\paper-workbench-full\Users\liujinchun\Downloads\skills_codex\paper-workbench\experiments\results\qlr_service_broad_plan\status\app_56_status.json
app_5652,11520,9792,1728,60,1|5|10,1659,median_container_request_cores,4.0,1,42805.59981999958,D:\Desktop\Cluster Computing\paper-workbench-full\Users\liujinchun\Downloads\skills_codex\paper-workbench\experiments\results\qlr_service_broad_plan\tables\app_5652_qlr_forecasting.csv,D:\Desktop\Cluster Computing\paper-workbench-full\Users\liujinchun\Downloads\skills_codex\paper-workbench\experiments\results\qlr_service_broad_plan\tables\app_5652_qlr_policy.csv,D:\Desktop\Cluster Computing\paper-workbench-full\Users\liujinchun\Downloads\skills_codex\paper-workbench\experiments\results\qlr_service_broad_plan\status\app_5652_status.json
app_5729,11520,9792,1728,60,1|5|10,1659,median_container_request_cores,4.0,1,42805.59981999958,D:\Desktop\Cluster Computing\paper-workbench-full\Users\liujinchun\Downloads\skills_codex\paper-workbench\experiments\results\qlr_service_broad_plan\tables\app_5729_qlr_forecasting.csv,D:\Desktop\Cluster Computing\paper-workbench-full\Users\liujinchun\Downloads\skills_codex\paper-workbench\experiments\results\qlr_service_broad_plan\tables\app_5729_qlr_policy.csv,D:\Desktop\Cluster Computing\paper-workbench-full\Users\liujinchun\Downloads\skills_codex\paper-workbench\experiments\results\qlr_service_broad_plan\status\app_5729_status.json
app_5805,11520,9792,1728,60,1|5|10,1659,median_container_request_cores,8.0,1,42805.59981999958,D:\Desktop\Cluster Computing\paper-workbench-full\Users\liujinchun\Downloads\skills_codex\paper-workbench\experiments\results\qlr_service_broad_plan\tables\app_5805_qlr_forecasting.csv,D:\Desktop\Cluster Computing\paper-workbench-full\Users\liujinchun\Downloads\skills_codex\paper-workbench\experiments\results\qlr_service_broad_plan\tables\app_5805_qlr_policy.csv,D:\Desktop\Cluster Computing\paper-workbench-full\Users\liujinchun\Downloads\skills_codex\paper-workbench\experiments\results\qlr_service_broad_plan\status\app_5805_status.json
app_5877,11520,9792,1728,60,1|5|10,1659,median_container_request_cores,8.0,1,42805.59981999958,D:\Desktop\Cluster Computing\paper-workbench-full\Users\liujinchun\Downloads\skills_codex\paper-workbench\experiments\results\qlr_service_broad_plan\tables\app_5877_qlr_forecasting.csv,D:\Desktop\Cluster Computing\paper-workbench-full\Users\liujinchun\Downloads\skills_codex\paper-workbench\experiments\results\qlr_service_broad_plan\tables\app_5877_qlr_policy.csv,D:\Desktop\Cluster Computing\paper-workbench-full\Users\liujinchun\Downloads\skills_codex\paper-workbench\experiments\results\qlr_service_broad_plan\status\app_5877_status.json
app_5895,11520,9792,1728,60,1|5|10,1659,median_container_request_cores,4.0,1,42805.59981999958,D:\Desktop\Cluster Computing\paper-workbench-full\Users\liujinchun\Downloads\skills_codex\paper-workbench\experiments\results\qlr_service_broad_plan\tables\app_5895_qlr_forecasting.csv,D:\Desktop\Cluster Computing\paper-workbench-full\Users\liujinchun\Downloads\skills_codex\paper-workbench\experiments\results\qlr_service_broad_plan\tables\app_5895_qlr_policy.csv,D:\Desktop\Cluster Computing\paper-workbench-full\Users\liujinchun\Downloads\skills_codex\paper-workbench\experiments\results\qlr_service_broad_plan\status\app_5895_status.json
app_6026,11520,9792,1728,60,1|5|10,1659,median_container_request_cores,4.0,1,42805.59981999958,D:\Desktop\Cluster Computing\paper-workbench-full\Users\liujinchun\Downloads\skills_codex\paper-workbench\experiments\results\qlr_service_broad_plan\tables\app_6026_qlr_forecasting.csv,D:\Desktop\Cluster Computing\paper-workbench-full\Users\liujinchun\Downloads\skills_codex\paper-workbench\experiments\results\qlr_service_broad_plan\tables\app_6026_qlr_policy.csv,D:\Desktop\Cluster Computing\paper-workbench-full\Users\liujinchun\Downloads\skills_codex\paper-workbench\experiments\results\qlr_service_broad_plan\status\app_6026_status.json
app_6140,11520,9792,1728,60,1|5|10,1659,median_container_request_cores,4.0,1,42805.59981999958,D:\Desktop\Cluster Computing\paper-workbench-full\Users\liujinchun\Downloads\skills_codex\paper-workbench\experiments\results\qlr_service_broad_plan\tables\app_6140_qlr_forecasting.csv,D:\Desktop\Cluster Computing\paper-workbench-full\Users\liujinchun\Downloads\skills_codex\paper-workbench\experiments\results\qlr_service_broad_plan\tables\app_6140_qlr_policy.csv,D:\Desktop\Cluster Computing\paper-workbench-full\Users\liujinchun\Downloads\skills_codex\paper-workbench\experiments\results\qlr_service_broad_plan\status\app_6140_status.json
app_647,11520,9792,1728,60,1|5|10,1659,median_container_request_cores,4.0,1,42805.59981999958,D:\Desktop\Cluster Computing\paper-workbench-full\Users\liujinchun\Downloads\skills_codex\paper-workbench\experiments\results\qlr_service_broad_plan\tables\app_647_qlr_forecasting.csv,D:\Desktop\Cluster Computing\paper-workbench-full\Users\liujinchun\Downloads\skills_codex\paper-workbench\experiments\results\qlr_service_broad_plan\tables\app_647_qlr_policy.csv,D:\Desktop\Cluster Computing\paper-workbench-full\Users\liujinchun\Downloads\skills_codex\paper-workbench\experiments\results\qlr_service_broad_plan\status\app_647_status.json
app_6593,11520,9792,1728,60,1|5|10,1659,median_container_request_cores,4.0,1,42805.59981999958,D:\Desktop\Cluster Computing\paper-workbench-full\Users\liujinchun\Downloads\skills_codex\paper-workbench\experiments\results\qlr_service_broad_plan\tables\app_6593_qlr_forecasting.csv,D:\Desktop\Cluster Computing\paper-workbench-full\Users\liujinchun\Downloads\skills_codex\paper-workbench\experiments\results\qlr_service_broad_plan\tables\app_6593_qlr_policy.csv,D:\Desktop\Cluster Computing\paper-workbench-full\Users\liujinchun\Downloads\skills_codex\paper-workbench\experiments\results\qlr_service_broad_plan\status\app_6593_status.json
app_66,11520,9792,1728,60,1|5|10,1659,median_container_request_cores,4.0,1,42805.59981999958,D:\Desktop\Cluster Computing\paper-workbench-full\Users\liujinchun\Downloads\skills_codex\paper-workbench\experiments\results\qlr_service_broad_plan\tables\app_66_qlr_forecasting.csv,D:\Desktop\Cluster Computing\paper-workbench-full\Users\liujinchun\Downloads\skills_codex\paper-workbench\experiments\results\qlr_service_broad_plan\tables\app_66_qlr_policy.csv,D:\Desktop\Cluster Computing\paper-workbench-full\Users\liujinchun\Downloads\skills_codex\paper-workbench\experiments\results\qlr_service_broad_plan\status\app_66_status.json
app_6658,11520,9792,1728,60,1|5|10,1659,median_container_request_cores,8.0,1,42805.59981999958,D:\Desktop\Cluster Computing\paper-workbench-full\Users\liujinchun\Downloads\skills_codex\paper-workbench\experiments\results\qlr_service_broad_plan\tables\app_6658_qlr_forecasting.csv,D:\Desktop\Cluster Computing\paper-workbench-full\Users\liujinchun\Downloads\skills_codex\paper-workbench\experiments\results\qlr_service_broad_plan\tables\app_6658_qlr_policy.csv,D:\Desktop\Cluster Computing\paper-workbench-full\Users\liujinchun\Downloads\skills_codex\paper-workbench\experiments\results\qlr_service_broad_plan\status\app_6658_status.json
app_6791,11520,9792,1728,60,1|5|10,1659,median_container_request_cores,8.0,1,42805.59981999958,D:\Desktop\Cluster Computing\paper-workbench-full\Users\liujinchun\Downloads\skills_codex\paper-workbench\experiments\results\qlr_service_broad_plan\tables\app_6791_qlr_forecasting.csv,D:\Desktop\Cluster Computing\paper-workbench-full\Users\liujinchun\Downloads\skills_codex\paper-workbench\experiments\results\qlr_service_broad_plan\tables\app_6791_qlr_policy.csv,D:\Desktop\Cluster Computing\paper-workbench-full\Users\liujinchun\Downloads\skills_codex\paper-workbench\experiments\results\qlr_service_broad_plan\status\app_6791_status.json
app_7048,11520,9792,1728,60,1|5|10,1659,median_container_request_cores,4.0,1,42805.59981999958,D:\Desktop\Cluster Computing\paper-workbench-full\Users\liujinchun\Downloads\skills_codex\paper-workbench\experiments\results\qlr_service_broad_plan\tables\app_7048_qlr_forecasting.csv,D:\Desktop\Cluster Computing\paper-workbench-full\Users\liujinchun\Downloads\skills_codex\paper-workbench\experiments\results\qlr_service_broad_plan\tables\app_7048_qlr_policy.csv,D:\Desktop\Cluster Computing\paper-workbench-full\Users\liujinchun\Downloads\skills_codex\paper-workbench\experiments\results\qlr_service_broad_plan\status\app_7048_status.json
app_7227,11520,9792,1728,60,1|5|10,1659,median_container_request_cores,4.0,1,42805.59981999958,D:\Desktop\Cluster Computing\paper-workbench-full\Users\liujinchun\Downloads\skills_codex\paper-workbench\experiments\results\qlr_service_broad_plan\tables\app_7227_qlr_forecasting.csv,D:\Desktop\Cluster Computing\paper-workbench-full\Users\liujinchun\Downloads\skills_codex\paper-workbench\experiments\results\qlr_service_broad_plan\tables\app_7227_qlr_policy.csv,D:\Desktop\Cluster Computing\paper-workbench-full\Users\liujinchun\Downloads\skills_codex\paper-workbench\experiments\results\qlr_service_broad_plan\status\app_7227_status.json
app_732,11520,9792,1728,60,1|5|10,1659,median_container_request_cores,8.0,1,42805.59981999958,D:\Desktop\Cluster Computing\paper-workbench-full\Users\liujinchun\Downloads\skills_codex\paper-workbench\experiments\results\qlr_service_broad_plan\tables\app_732_qlr_forecasting.csv,D:\Desktop\Cluster Computing\paper-workbench-full\Users\liujinchun\Downloads\skills_codex\paper-workbench\experiments\results\qlr_service_broad_plan\tables\app_732_qlr_policy.csv,D:\Desktop\Cluster Computing\paper-workbench-full\Users\liujinchun\Downloads\skills_codex\paper-workbench\experiments\results\qlr_service_broad_plan\status\app_732_status.json
app_7419,11520,9792,1728,60,1|5|10,1659,median_container_request_cores,4.0,1,42805.59981999958,D:\Desktop\Cluster Computing\paper-workbench-full\Users\liujinchun\Downloads\skills_codex\paper-workbench\experiments\results\qlr_service_broad_plan\tables\app_7419_qlr_forecasting.csv,D:\Desktop\Cluster Computing\paper-workbench-full\Users\liujinchun\Downloads\skills_codex\paper-workbench\experiments\results\qlr_service_broad_plan\tables\app_7419_qlr_policy.csv,D:\Desktop\Cluster Computing\paper-workbench-full\Users\liujinchun\Downloads\skills_codex\paper-workbench\experiments\results\qlr_service_broad_plan\status\app_7419_status.json
app_7505,11520,9792,1728,60,1|5|10,1659,median_container_request_cores,8.0,1,42805.59981999958,D:\Desktop\Cluster Computing\paper-workbench-full\Users\liujinchun\Downloads\skills_codex\paper-workbench\experiments\results\qlr_service_broad_plan\tables\app_7505_qlr_forecasting.csv,D:\Desktop\Cluster Computing\paper-workbench-full\Users\liujinchun\Downloads\skills_codex\paper-workbench\experiments\results\qlr_service_broad_plan\tables\app_7505_qlr_policy.csv,D:\Desktop\Cluster Computing\paper-workbench-full\Users\liujinchun\Downloads\skills_codex\paper-workbench\experiments\results\qlr_service_broad_plan\status\app_7505_status.json
app_7791,11520,9792,1728,60,1|5|10,1659,median_container_request_cores,8.0,1,42805.59981999958,D:\Desktop\Cluster Computing\paper-workbench-full\Users\liujinchun\Downloads\skills_codex\paper-workbench\experiments\results\qlr_service_broad_plan\tables\app_7791_qlr_forecasting.csv,D:\Desktop\Cluster Computing\paper-workbench-full\Users\liujinchun\Downloads\skills_codex\paper-workbench\experiments\results\qlr_service_broad_plan\tables\app_7791_qlr_policy.csv,D:\Desktop\Cluster Computing\paper-workbench-full\Users\liujinchun\Downloads\skills_codex\paper-workbench\experiments\results\qlr_service_broad_plan\status\app_7791_status.json
app_7890,11520,9792,1728,60,1|5|10,1659,median_container_request_cores,8.0,1,42805.59981999958,D:\Desktop\Cluster Computing\paper-workbench-full\Users\liujinchun\Downloads\skills_codex\paper-workbench\experiments\results\qlr_service_broad_plan\tables\app_7890_qlr_forecasting.csv,D:\Desktop\Cluster Computing\paper-workbench-full\Users\liujinchun\Downloads\skills_codex\paper-workbench\experiments\results\qlr_service_broad_plan\tables\app_7890_qlr_policy.csv,D:\Desktop\Cluster Computing\paper-workbench-full\Users\liujinchun\Downloads\skills_codex\paper-workbench\experiments\results\qlr_service_broad_plan\status\app_7890_status.json
app_8205,11520,9792,1728,60,1|5|10,1659,median_container_request_cores,4.0,1,42805.59981999958,D:\Desktop\Cluster Computing\paper-workbench-full\Users\liujinchun\Downloads\skills_codex\paper-workbench\experiments\results\qlr_service_broad_plan\tables\app_8205_qlr_forecasting.csv,D:\Desktop\Cluster Computing\paper-workbench-full\Users\liujinchun\Downloads\skills_codex\paper-workbench\experiments\results\qlr_service_broad_plan\tables\app_8205_qlr_policy.csv,D:\Desktop\Cluster Computing\paper-workbench-full\Users\liujinchun\Downloads\skills_codex\paper-workbench\experiments\results\qlr_service_broad_plan\status\app_8205_status.json
app_8360,11520,9792,1728,60,1|5|10,1659,median_container_request_cores,8.0,1,42805.59981999958,D:\Desktop\Cluster Computing\paper-workbench-full\Users\liujinchun\Downloads\skills_codex\paper-workbench\experiments\results\qlr_service_broad_plan\tables\app_8360_qlr_forecasting.csv,D:\Desktop\Cluster Computing\paper-workbench-full\Users\liujinchun\Downloads\skills_codex\paper-workbench\experiments\results\qlr_service_broad_plan\tables\app_8360_qlr_policy.csv,D:\Desktop\Cluster Computing\paper-workbench-full\Users\liujinchun\Downloads\skills_codex\paper-workbench\experiments\results\qlr_service_broad_plan\status\app_8360_status.json
app_8532,11520,9792,1728,60,1|5|10,1659,median_container_request_cores,16.0,1,42805.59981999958,D:\Desktop\Cluster Computing\paper-workbench-full\Users\liujinchun\Downloads\skills_codex\paper-workbench\experiments\results\qlr_service_broad_plan\tables\app_8532_qlr_forecasting.csv,D:\Desktop\Cluster Computing\paper-workbench-full\Users\liujinchun\Downloads\skills_codex\paper-workbench\experiments\results\qlr_service_broad_plan\tables\app_8532_qlr_policy.csv,D:\Desktop\Cluster Computing\paper-workbench-full\Users\liujinchun\Downloads\skills_codex\paper-workbench\experiments\results\qlr_service_broad_plan\status\app_8532_status.json
app_8719,11520,9792,1728,60,1|5|10,1659,median_container_request_cores,4.0,1,42805.59981999958,D:\Desktop\Cluster Computing\paper-workbench-full\Users\liujinchun\Downloads\skills_codex\paper-workbench\experiments\results\qlr_service_broad_plan\tables\app_8719_qlr_forecasting.csv,D:\Desktop\Cluster Computing\paper-workbench-full\Users\liujinchun\Downloads\skills_codex\paper-workbench\experiments\results\qlr_service_broad_plan\tables\app_8719_qlr_policy.csv,D:\Desktop\Cluster Computing\paper-workbench-full\Users\liujinchun\Downloads\skills_codex\paper-workbench\experiments\results\qlr_service_broad_plan\status\app_8719_status.json
app_8775,11520,9792,1728,60,1|5|10,1659,median_container_request_cores,4.0,1,42805.59981999958,D:\Desktop\Cluster Computing\paper-workbench-full\Users\liujinchun\Downloads\skills_codex\paper-workbench\experiments\results\qlr_service_broad_plan\tables\app_8775_qlr_forecasting.csv,D:\Desktop\Cluster Computing\paper-workbench-full\Users\liujinchun\Downloads\skills_codex\paper-workbench\experiments\results\qlr_service_broad_plan\tables\app_8775_qlr_policy.csv,D:\Desktop\Cluster Computing\paper-workbench-full\Users\liujinchun\Downloads\skills_codex\paper-workbench\experiments\results\qlr_service_broad_plan\status\app_8775_status.json
app_888,11520,9792,1728,60,1|5|10,1659,median_container_request_cores,8.0,1,42805.59981999958,D:\Desktop\Cluster Computing\paper-workbench-full\Users\liujinchun\Downloads\skills_codex\paper-workbench\experiments\results\qlr_service_broad_plan\tables\app_888_qlr_forecasting.csv,D:\Desktop\Cluster Computing\paper-workbench-full\Users\liujinchun\Downloads\skills_codex\paper-workbench\experiments\results\qlr_service_broad_plan\tables\app_888_qlr_policy.csv,D:\Desktop\Cluster Computing\paper-workbench-full\Users\liujinchun\Downloads\skills_codex\paper-workbench\experiments\results\qlr_service_broad_plan\status\app_888_status.json
app_9030,11520,9792,1728,60,1|5|10,1659,median_container_request_cores,4.0,1,42805.59981999958,D:\Desktop\Cluster Computing\paper-workbench-full\Users\liujinchun\Downloads\skills_codex\paper-workbench\experiments\results\qlr_service_broad_plan\tables\app_9030_qlr_forecasting.csv,D:\Desktop\Cluster Computing\paper-workbench-full\Users\liujinchun\Downloads\skills_codex\paper-workbench\experiments\results\qlr_service_broad_plan\tables\app_9030_qlr_policy.csv,D:\Desktop\Cluster Computing\paper-workbench-full\Users\liujinchun\Downloads\skills_codex\paper-workbench\experiments\results\qlr_service_broad_plan\status\app_9030_status.json
app_9352,11520,9792,1728,60,1|5|10,1659,median_container_request_cores,4.0,1,42805.59981999958,D:\Desktop\Cluster Computing\paper-workbench-full\Users\liujinchun\Downloads\skills_codex\paper-workbench\experiments\results\qlr_service_broad_plan\tables\app_9352_qlr_forecasting.csv,D:\Desktop\Cluster Computing\paper-workbench-full\Users\liujinchun\Downloads\skills_codex\paper-workbench\experiments\results\qlr_service_broad_plan\tables\app_9352_qlr_policy.csv,D:\Desktop\Cluster Computing\paper-workbench-full\Users\liujinchun\Downloads\skills_codex\paper-workbench\experiments\results\qlr_service_broad_plan\status\app_9352_status.json
app_9541,11520,9792,1728,60,1|5|10,1659,median_container_request_cores,8.0,1,42805.59981999958,D:\Desktop\Cluster Computing\paper-workbench-full\Users\liujinchun\Downloads\skills_codex\paper-workbench\experiments\results\qlr_service_broad_plan\tables\app_9541_qlr_forecasting.csv,D:\Desktop\Cluster Computing\paper-workbench-full\Users\liujinchun\Downloads\skills_codex\paper-workbench\experiments\results\qlr_service_broad_plan\tables\app_9541_qlr_policy.csv,D:\Desktop\Cluster Computing\paper-workbench-full\Users\liujinchun\Downloads\skills_codex\paper-workbench\experiments\results\qlr_service_broad_plan\status\app_9541_status.json
app_9733,11520,9792,1728,60,1|5|10,1659,median_container_request_cores,8.0,1,42805.59981999958,D:\Desktop\Cluster Computing\paper-workbench-full\Users\liujinchun\Downloads\skills_codex\paper-workbench\experiments\results\qlr_service_broad_plan\tables\app_9733_qlr_forecasting.csv,D:\Desktop\Cluster Computing\paper-workbench-full\Users\liujinchun\Downloads\skills_codex\paper-workbench\experiments\results\qlr_service_broad_plan\tables\app_9733_qlr_policy.csv,D:\Desktop\Cluster Computing\paper-workbench-full\Users\liujinchun\Downloads\skills_codex\paper-workbench\experiments\results\qlr_service_broad_plan\status\app_9733_status.json
